# Tencent sampled one-way latency 2P/2C
# messages_per_producer=1000000 payload=64 sample_rate=64 warmup=2 rounds=10
# pinned: workers cpu0-3 and Aeron driver shares cpu0; unpinned: Linux schedules all processes
# case layout=pinned scenario=fifo batch=1
# warmup round=1 layout=pinned scenario=fifo batch=1
# warmup round=2 layout=pinned scenario=fifo batch=1
# measured round=1 layout=pinned scenario=fifo batch=1
LATENCY library=salias-ipc scenario=fifo consumer=0 samples=31250 p50_ns=11796479 p99_ns=12320767 p999_ns=12451839 max_ns=12457950
LATENCY library=salias-ipc scenario=fifo consumer=1 samples=31250 p50_ns=434175 p99_ns=10485759 p999_ns=10616831 max_ns=10530934
RESULT library=salias-ipc scenario=fifo page=normal pinning=on cpu_base=0 cpu_stride=1 producers=2 consumers=2 payload=64 capacity=4194304 batch_size=1 poll_limit=64 published=2000000 delivered=4000000 seconds=0.196724 publish_msg_per_sec=1.01665e+07 delivery_msg_per_sec=2.03331e+07 delivery_mib_per_sec=1241.03 latency_sample_rate=64 latency_samples=62500 latency_p50_ns=8388607 latency_p99_ns=12320767 latency_p999_ns=12451839 latency_max_ns=12457950
LATENCY library=aeron-cpp scenario=mpmc consumer=0 samples=31250 p50_ns=389119 p99_ns=2490367 p999_ns=2752511 max_ns=2833530
LATENCY library=aeron-cpp scenario=mpmc consumer=1 samples=31250 p50_ns=47103 p99_ns=2293759 p999_ns=2818047 max_ns=3024393
RESULT library=aeron-cpp scenario=mpmc pinning=on cpu_base=0 cpu_stride=1 term_length=4194304 producers=2 consumers=2 payload=64 published=2000000 delivered=4000000 seconds=0.080248 publish_msg_per_sec=2.49228e+07 delivery_msg_per_sec=4.98455e+07 delivery_mib_per_sec=3042.33 latency_sample_rate=64 latency_samples=62500 latency_p50_ns=147455 latency_p99_ns=2490367 latency_p999_ns=2785279 latency_max_ns=3024393
# measured round=2 layout=pinned scenario=fifo batch=1
LATENCY library=salias-ipc scenario=fifo consumer=0 samples=31250 p50_ns=15999 p99_ns=5177343 p999_ns=5701631 max_ns=5712098
LATENCY library=salias-ipc scenario=fifo consumer=1 samples=31250 p50_ns=11534335 p99_ns=12320767 p999_ns=12320767 max_ns=12356725
RESULT library=salias-ipc scenario=fifo page=normal pinning=on cpu_base=0 cpu_stride=1 producers=2 consumers=2 payload=64 capacity=4194304 batch_size=1 poll_limit=64 published=2000000 delivered=4000000 seconds=0.191225 publish_msg_per_sec=1.04589e+07 delivery_msg_per_sec=2.09177e+07 delivery_mib_per_sec=1276.72 latency_sample_rate=64 latency_samples=62500 latency_p50_ns=3899391 latency_p99_ns=12320767 latency_p999_ns=12320767 latency_max_ns=12356725
LATENCY library=aeron-cpp scenario=mpmc consumer=0 samples=31250 p50_ns=315391 p99_ns=1556479 p999_ns=1687551 max_ns=1700845
LATENCY library=aeron-cpp scenario=mpmc consumer=1 samples=31250 p50_ns=137215 p99_ns=1327103 p999_ns=1540095 max_ns=1559868
RESULT library=aeron-cpp scenario=mpmc pinning=on cpu_base=0 cpu_stride=1 term_length=4194304 producers=2 consumers=2 payload=64 published=2000000 delivered=4000000 seconds=0.0796091 publish_msg_per_sec=2.51227e+07 delivery_msg_per_sec=5.02455e+07 delivery_mib_per_sec=3066.74 latency_sample_rate=64 latency_samples=62500 latency_p50_ns=221183 latency_p99_ns=1523711 latency_p999_ns=1638399 latency_max_ns=1700845
# measured round=3 layout=pinned scenario=fifo batch=1
LATENCY library=salias-ipc scenario=fifo consumer=0 samples=31250 p50_ns=73727 p99_ns=6750207 p999_ns=7536639 max_ns=7542201
LATENCY library=salias-ipc scenario=fifo consumer=1 samples=31250 p50_ns=11796479 p99_ns=14811135 p999_ns=14942207 max_ns=14918063
RESULT library=salias-ipc scenario=fifo page=normal pinning=on cpu_base=0 cpu_stride=1 producers=2 consumers=2 payload=64 capacity=4194304 batch_size=1 poll_limit=64 published=2000000 delivered=4000000 seconds=0.197107 publish_msg_per_sec=1.01468e+07 delivery_msg_per_sec=2.02935e+07 delivery_mib_per_sec=1238.62 latency_sample_rate=64 latency_samples=62500 latency_p50_ns=4980735 latency_p99_ns=14811135 latency_p999_ns=14942207 latency_max_ns=14918063
LATENCY library=aeron-cpp scenario=mpmc consumer=0 samples=31250 p50_ns=35839 p99_ns=282623 p999_ns=327679 max_ns=343609
LATENCY library=aeron-cpp scenario=mpmc consumer=1 samples=31250 p50_ns=141 p99_ns=13893631 p999_ns=14024703 max_ns=14017386
RESULT library=aeron-cpp scenario=mpmc pinning=on cpu_base=0 cpu_stride=1 term_length=4194304 producers=2 consumers=2 payload=64 published=2000000 delivered=4000000 seconds=0.211618 publish_msg_per_sec=9.45098e+06 delivery_msg_per_sec=1.8902e+07 delivery_mib_per_sec=1153.68 latency_sample_rate=64 latency_samples=62500 latency_p50_ns=6975 latency_p99_ns=13762559 latency_p999_ns=14024703 latency_max_ns=14017386
# measured round=4 layout=pinned scenario=fifo batch=1
LATENCY library=salias-ipc scenario=fifo consumer=0 samples=31250 p50_ns=524287 p99_ns=10092543 p999_ns=10485759 max_ns=10473451
LATENCY library=salias-ipc scenario=fifo consumer=1 samples=31250 p50_ns=11534335 p99_ns=12451839 p999_ns=12451839 max_ns=12503211
RESULT library=salias-ipc scenario=fifo page=normal pinning=on cpu_base=0 cpu_stride=1 producers=2 consumers=2 payload=64 capacity=4194304 batch_size=1 poll_limit=64 published=2000000 delivered=4000000 seconds=0.192702 publish_msg_per_sec=1.03787e+07 delivery_msg_per_sec=2.07575e+07 delivery_mib_per_sec=1266.94 latency_sample_rate=64 latency_samples=62500 latency_p50_ns=8060927 latency_p99_ns=12320767 latency_p999_ns=12451839 latency_max_ns=12503211
LATENCY library=aeron-cpp scenario=mpmc consumer=0 samples=31250 p50_ns=409599 p99_ns=1998847 p999_ns=2129919 max_ns=2232423
LATENCY library=aeron-cpp scenario=mpmc consumer=1 samples=31250 p50_ns=551 p99_ns=176127 p999_ns=286719 max_ns=286737
RESULT library=aeron-cpp scenario=mpmc pinning=on cpu_base=0 cpu_stride=1 term_length=4194304 producers=2 consumers=2 payload=64 published=2000000 delivered=4000000 seconds=0.0984796 publish_msg_per_sec=2.03088e+07 delivery_msg_per_sec=4.06176e+07 delivery_mib_per_sec=2479.1 latency_sample_rate=64 latency_samples=62500 latency_p50_ns=13311 latency_p99_ns=1916927 latency_p999_ns=2097151 latency_max_ns=2232423
# measured round=5 layout=pinned scenario=fifo batch=1
LATENCY library=salias-ipc scenario=fifo consumer=0 samples=31250 p50_ns=52735 p99_ns=8257535 p999_ns=8650751 max_ns=8705688
LATENCY library=salias-ipc scenario=fifo consumer=1 samples=31250 p50_ns=13369343 p99_ns=14286847 p999_ns=14417919 max_ns=14476036
RESULT library=salias-ipc scenario=fifo page=normal pinning=on cpu_base=0 cpu_stride=1 producers=2 consumers=2 payload=64 capacity=4194304 batch_size=1 poll_limit=64 published=2000000 delivered=4000000 seconds=0.220803 publish_msg_per_sec=9.05784e+06 delivery_msg_per_sec=1.81157e+07 delivery_mib_per_sec=1105.69 latency_sample_rate=64 latency_samples=62500 latency_p50_ns=6553599 latency_p99_ns=14155775 latency_p999_ns=14417919 latency_max_ns=14476036
LATENCY library=aeron-cpp scenario=mpmc consumer=0 samples=31250 p50_ns=421887 p99_ns=2228223 p999_ns=2392063 max_ns=2459668
LATENCY library=aeron-cpp scenario=mpmc consumer=1 samples=31250 p50_ns=100351 p99_ns=1064959 p999_ns=1359871 max_ns=1399957
RESULT library=aeron-cpp scenario=mpmc pinning=on cpu_base=0 cpu_stride=1 term_length=4194304 producers=2 consumers=2 payload=64 published=2000000 delivered=4000000 seconds=0.299714 publish_msg_per_sec=6.67303e+06 delivery_msg_per_sec=1.33461e+07 delivery_mib_per_sec=814.579 latency_sample_rate=64 latency_samples=62500 latency_p50_ns=219135 latency_p99_ns=2129919 latency_p999_ns=2359295 latency_max_ns=2459668
# measured round=6 layout=pinned scenario=fifo batch=1
LATENCY library=salias-ipc scenario=fifo consumer=0 samples=31250 p50_ns=54271 p99_ns=8781823 p999_ns=9568255 max_ns=9797947
LATENCY library=salias-ipc scenario=fifo consumer=1 samples=31250 p50_ns=13369343 p99_ns=14942207 p999_ns=15466495 max_ns=15506654
RESULT library=salias-ipc scenario=fifo page=normal pinning=on cpu_base=0 cpu_stride=1 producers=2 consumers=2 payload=64 capacity=4194304 batch_size=1 poll_limit=64 published=2000000 delivered=4000000 seconds=0.225267 publish_msg_per_sec=8.87834e+06 delivery_msg_per_sec=1.77567e+07 delivery_mib_per_sec=1083.78 latency_sample_rate=64 latency_samples=62500 latency_p50_ns=7733247 latency_p99_ns=14811135 latency_p999_ns=15466495 latency_max_ns=15506654
LATENCY library=aeron-cpp scenario=mpmc consumer=0 samples=31250 p50_ns=266239 p99_ns=2260991 p999_ns=2359295 max_ns=2414142
LATENCY library=aeron-cpp scenario=mpmc consumer=1 samples=31250 p50_ns=975 p99_ns=82943 p999_ns=112639 max_ns=121706
RESULT library=aeron-cpp scenario=mpmc pinning=on cpu_base=0 cpu_stride=1 term_length=4194304 producers=2 consumers=2 payload=64 published=2000000 delivered=4000000 seconds=0.104167 publish_msg_per_sec=1.91999e+07 delivery_msg_per_sec=3.83998e+07 delivery_mib_per_sec=2343.74 latency_sample_rate=64 latency_samples=62500 latency_p50_ns=16639 latency_p99_ns=2228223 latency_p999_ns=2326527 latency_max_ns=2414142
# measured round=7 layout=pinned scenario=fifo batch=1
LATENCY library=salias-ipc scenario=fifo consumer=0 samples=31250 p50_ns=159743 p99_ns=8323071 p999_ns=8781823 max_ns=8862969
LATENCY library=salias-ipc scenario=fifo consumer=1 samples=31250 p50_ns=11534335 p99_ns=18612223 p999_ns=19398655 max_ns=19491412
RESULT library=salias-ipc scenario=fifo page=normal pinning=on cpu_base=0 cpu_stride=1 producers=2 consumers=2 payload=64 capacity=4194304 batch_size=1 poll_limit=64 published=2000000 delivered=4000000 seconds=0.199434 publish_msg_per_sec=1.00284e+07 delivery_msg_per_sec=2.00568e+07 delivery_mib_per_sec=1224.17 latency_sample_rate=64 latency_samples=62500 latency_p50_ns=6815743 latency_p99_ns=17563647 latency_p999_ns=19398655 latency_max_ns=19491412
LATENCY library=aeron-cpp scenario=mpmc consumer=0 samples=31250 p50_ns=225279 p99_ns=1966079 p999_ns=2228223 max_ns=2259435
LATENCY library=aeron-cpp scenario=mpmc consumer=1 samples=31250 p50_ns=28671 p99_ns=389119 p999_ns=438271 max_ns=461614
RESULT library=aeron-cpp scenario=mpmc pinning=on cpu_base=0 cpu_stride=1 term_length=4194304 producers=2 consumers=2 payload=64 published=2000000 delivered=4000000 seconds=0.0964248 publish_msg_per_sec=2.07415e+07 delivery_msg_per_sec=4.14831e+07 delivery_mib_per_sec=2531.93 latency_sample_rate=64 latency_samples=62500 latency_p50_ns=78847 latency_p99_ns=1818623 latency_p999_ns=2129919 latency_max_ns=2259435
# measured round=8 layout=pinned scenario=fifo batch=1
LATENCY library=salias-ipc scenario=fifo consumer=0 samples=31250 p50_ns=119807 p99_ns=8126463 p999_ns=8650751 max_ns=8734696
LATENCY library=salias-ipc scenario=fifo consumer=1 samples=31250 p50_ns=12845055 p99_ns=14155775 p999_ns=14811135 max_ns=14817734
RESULT library=salias-ipc scenario=fifo page=normal pinning=on cpu_base=0 cpu_stride=1 producers=2 consumers=2 payload=64 capacity=4194304 batch_size=1 poll_limit=64 published=2000000 delivered=4000000 seconds=0.21399 publish_msg_per_sec=9.34625e+06 delivery_msg_per_sec=1.86925e+07 delivery_mib_per_sec=1140.9 latency_sample_rate=64 latency_samples=62500 latency_p50_ns=6488063 latency_p99_ns=14024703 latency_p999_ns=14811135 latency_max_ns=14817734
LATENCY library=aeron-cpp scenario=mpmc consumer=0 samples=31250 p50_ns=331775 p99_ns=2260991 p999_ns=2457599 max_ns=2538149
LATENCY library=aeron-cpp scenario=mpmc consumer=1 samples=31250 p50_ns=192511 p99_ns=2392063 p999_ns=2654207 max_ns=2653804
RESULT library=aeron-cpp scenario=mpmc pinning=on cpu_base=0 cpu_stride=1 term_length=4194304 producers=2 consumers=2 payload=64 published=2000000 delivered=4000000 seconds=0.322743 publish_msg_per_sec=6.19688e+06 delivery_msg_per_sec=1.23938e+07 delivery_mib_per_sec=756.455 latency_sample_rate=64 latency_samples=62500 latency_p50_ns=235519 latency_p99_ns=2293759 latency_p999_ns=2621439 latency_max_ns=2653804
# measured round=9 layout=pinned scenario=fifo batch=1
LATENCY library=salias-ipc scenario=fifo consumer=0 samples=31250 p50_ns=11403263 p99_ns=12320767 p999_ns=12451839 max_ns=12413212
LATENCY library=salias-ipc scenario=fifo consumer=1 samples=31250 p50_ns=28671 p99_ns=4980735 p999_ns=5439487 max_ns=5476518
RESULT library=salias-ipc scenario=fifo page=normal pinning=on cpu_base=0 cpu_stride=1 producers=2 consumers=2 payload=64 capacity=4194304 batch_size=1 poll_limit=64 published=2000000 delivered=4000000 seconds=0.191949 publish_msg_per_sec=1.04194e+07 delivery_msg_per_sec=2.08389e+07 delivery_mib_per_sec=1271.9 latency_sample_rate=64 latency_samples=62500 latency_p50_ns=4161535 latency_p99_ns=12189695 latency_p999_ns=12451839 latency_max_ns=12413212
LATENCY library=aeron-cpp scenario=mpmc consumer=0 samples=31250 p50_ns=243711 p99_ns=2326527 p999_ns=2490367 max_ns=2576212
LATENCY library=aeron-cpp scenario=mpmc consumer=1 samples=31250 p50_ns=863 p99_ns=124927 p999_ns=215039 max_ns=262008
RESULT library=aeron-cpp scenario=mpmc pinning=on cpu_base=0 cpu_stride=1 term_length=4194304 producers=2 consumers=2 payload=64 published=2000000 delivered=4000000 seconds=0.0871621 publish_msg_per_sec=2.29457e+07 delivery_msg_per_sec=4.58915e+07 delivery_mib_per_sec=2800.99 latency_sample_rate=64 latency_samples=62500 latency_p50_ns=20223 latency_p99_ns=2195455 latency_p999_ns=2457599 latency_max_ns=2576212
# measured round=10 layout=pinned scenario=fifo batch=1
LATENCY library=salias-ipc scenario=fifo consumer=0 samples=31250 p50_ns=79871 p99_ns=7602175 p999_ns=8323071 max_ns=8365990
LATENCY library=salias-ipc scenario=fifo consumer=1 samples=31250 p50_ns=11403263 p99_ns=13500415 p999_ns=14024703 max_ns=14045627
RESULT library=salias-ipc scenario=fifo page=normal pinning=on cpu_base=0 cpu_stride=1 producers=2 consumers=2 payload=64 capacity=4194304 batch_size=1 poll_limit=64 published=2000000 delivered=4000000 seconds=0.192937 publish_msg_per_sec=1.03661e+07 delivery_msg_per_sec=2.07321e+07 delivery_mib_per_sec=1265.39 latency_sample_rate=64 latency_samples=62500 latency_p50_ns=6225919 latency_p99_ns=13107199 latency_p999_ns=14024703 latency_max_ns=14045627
LATENCY library=aeron-cpp scenario=mpmc consumer=0 samples=31250 p50_ns=184319 p99_ns=1343487 p999_ns=1474559 max_ns=1471836
LATENCY library=aeron-cpp scenario=mpmc consumer=1 samples=31250 p50_ns=2079 p99_ns=638975 p999_ns=1196031 max_ns=1225595
RESULT library=aeron-cpp scenario=mpmc pinning=on cpu_base=0 cpu_stride=1 term_length=4194304 producers=2 consumers=2 payload=64 published=2000000 delivered=4000000 seconds=0.0823368 publish_msg_per_sec=2.42905e+07 delivery_msg_per_sec=4.85809e+07 delivery_mib_per_sec=2965.15 latency_sample_rate=64 latency_samples=62500 latency_p50_ns=28671 latency_p99_ns=1245183 latency_p999_ns=1458175 latency_max_ns=1471836
# case layout=pinned scenario=fifo batch=16
# warmup round=1 layout=pinned scenario=fifo batch=16
# warmup round=2 layout=pinned scenario=fifo batch=16
# measured round=1 layout=pinned scenario=fifo batch=16
LATENCY library=salias-ipc scenario=fifo consumer=0 samples=31250 p50_ns=59391 p99_ns=6291455 p999_ns=6684671 max_ns=6690087
LATENCY library=salias-ipc scenario=fifo consumer=1 samples=31250 p50_ns=10616831 p99_ns=11403263 p999_ns=11534335 max_ns=11512452
RESULT library=salias-ipc scenario=fifo page=normal pinning=on cpu_base=0 cpu_stride=1 producers=2 consumers=2 payload=64 capacity=4194304 batch_size=16 poll_limit=64 published=2000000 delivered=4000000 seconds=0.175895 publish_msg_per_sec=1.13704e+07 delivery_msg_per_sec=2.27409e+07 delivery_mib_per_sec=1387.99 latency_sample_rate=64 latency_samples=62500 latency_p50_ns=5046271 latency_p99_ns=11403263 latency_p999_ns=11534335 latency_max_ns=11512452
LATENCY library=aeron-cpp scenario=mpmc consumer=0 samples=31250 p50_ns=409599 p99_ns=2293759 p999_ns=2424831 max_ns=2541936
LATENCY library=aeron-cpp scenario=mpmc consumer=1 samples=31250 p50_ns=47615 p99_ns=663551 p999_ns=974847 max_ns=1011035
RESULT library=aeron-cpp scenario=mpmc pinning=on cpu_base=0 cpu_stride=1 term_length=4194304 producers=2 consumers=2 payload=64 published=2000000 delivered=4000000 seconds=0.0825577 publish_msg_per_sec=2.42255e+07 delivery_msg_per_sec=4.8451e+07 delivery_mib_per_sec=2957.21 latency_sample_rate=64 latency_samples=62500 latency_p50_ns=137215 latency_p99_ns=2228223 latency_p999_ns=2424831 latency_max_ns=2541936
# measured round=2 layout=pinned scenario=fifo batch=16
LATENCY library=salias-ipc scenario=fifo consumer=0 samples=31250 p50_ns=7340031 p99_ns=7667711 p999_ns=7667711 max_ns=7706047
LATENCY library=salias-ipc scenario=fifo consumer=1 samples=31250 p50_ns=565247 p99_ns=5636095 p999_ns=5832703 max_ns=5858683
RESULT library=salias-ipc scenario=fifo page=normal pinning=on cpu_base=0 cpu_stride=1 producers=2 consumers=2 payload=64 capacity=4194304 batch_size=16 poll_limit=64 published=2000000 delivered=4000000 seconds=0.122598 publish_msg_per_sec=1.63135e+07 delivery_msg_per_sec=3.26271e+07 delivery_mib_per_sec=1991.4 latency_sample_rate=64 latency_samples=62500 latency_p50_ns=4456447 latency_p99_ns=7602175 latency_p999_ns=7667711 latency_max_ns=7706047
LATENCY library=aeron-cpp scenario=mpmc consumer=0 samples=31250 p50_ns=393215 p99_ns=2424831 p999_ns=2555903 max_ns=2628378
LATENCY library=aeron-cpp scenario=mpmc consumer=1 samples=31250 p50_ns=192511 p99_ns=1769471 p999_ns=1966079 max_ns=2004064
RESULT library=aeron-cpp scenario=mpmc pinning=on cpu_base=0 cpu_stride=1 term_length=4194304 producers=2 consumers=2 payload=64 published=2000000 delivered=4000000 seconds=0.0949521 publish_msg_per_sec=2.10633e+07 delivery_msg_per_sec=4.21265e+07 delivery_mib_per_sec=2571.2 latency_sample_rate=64 latency_samples=62500 latency_p50_ns=260095 latency_p99_ns=2326527 latency_p999_ns=2555903 latency_max_ns=2628378
# measured round=3 layout=pinned scenario=fifo batch=16
LATENCY library=salias-ipc scenario=fifo consumer=0 samples=31250 p50_ns=8191999 p99_ns=8650751 p999_ns=8650751 max_ns=8595763
LATENCY library=salias-ipc scenario=fifo consumer=1 samples=31250 p50_ns=75775 p99_ns=5242879 p999_ns=5505023 max_ns=5549905
RESULT library=salias-ipc scenario=fifo page=normal pinning=on cpu_base=0 cpu_stride=1 producers=2 consumers=2 payload=64 capacity=4194304 batch_size=16 poll_limit=64 published=2000000 delivered=4000000 seconds=0.136574 publish_msg_per_sec=1.46441e+07 delivery_msg_per_sec=2.92882e+07 delivery_mib_per_sec=1787.61 latency_sample_rate=64 latency_samples=62500 latency_p50_ns=4325375 latency_p99_ns=8650751 latency_p999_ns=8650751 latency_max_ns=8595763
LATENCY library=aeron-cpp scenario=mpmc consumer=0 samples=31250 p50_ns=372735 p99_ns=2228223 p999_ns=2359295 max_ns=2467740
LATENCY library=aeron-cpp scenario=mpmc consumer=1 samples=31250 p50_ns=43519 p99_ns=491519 p999_ns=655359 max_ns=671440
RESULT library=aeron-cpp scenario=mpmc pinning=on cpu_base=0 cpu_stride=1 term_length=4194304 producers=2 consumers=2 payload=64 published=2000000 delivered=4000000 seconds=0.0787229 publish_msg_per_sec=2.54056e+07 delivery_msg_per_sec=5.08111e+07 delivery_mib_per_sec=3101.27 latency_sample_rate=64 latency_samples=62500 latency_p50_ns=130047 latency_p99_ns=2129919 latency_p999_ns=2326527 latency_max_ns=2467740
# measured round=4 layout=pinned scenario=fifo batch=16
LATENCY library=salias-ipc scenario=fifo consumer=0 samples=31250 p50_ns=51199 p99_ns=6684671 p999_ns=7208959 max_ns=7262574
LATENCY library=salias-ipc scenario=fifo consumer=1 samples=31250 p50_ns=10485759 p99_ns=10878975 p999_ns=11010047 max_ns=10934771
RESULT library=salias-ipc scenario=fifo page=normal pinning=on cpu_base=0 cpu_stride=1 producers=2 consumers=2 payload=64 capacity=4194304 batch_size=16 poll_limit=64 published=2000000 delivered=4000000 seconds=0.172408 publish_msg_per_sec=1.16004e+07 delivery_msg_per_sec=2.32008e+07 delivery_mib_per_sec=1416.06 latency_sample_rate=64 latency_samples=62500 latency_p50_ns=5177343 latency_p99_ns=10878975 latency_p999_ns=10878975 latency_max_ns=10934771
LATENCY library=aeron-cpp scenario=mpmc consumer=0 samples=31250 p50_ns=315391 p99_ns=1687551 p999_ns=2162687 max_ns=2357945
LATENCY library=aeron-cpp scenario=mpmc consumer=1 samples=31250 p50_ns=159743 p99_ns=1753087 p999_ns=2129919 max_ns=2229693
RESULT library=aeron-cpp scenario=mpmc pinning=on cpu_base=0 cpu_stride=1 term_length=4194304 producers=2 consumers=2 payload=64 published=2000000 delivered=4000000 seconds=0.0758913 publish_msg_per_sec=2.63535e+07 delivery_msg_per_sec=5.2707e+07 delivery_mib_per_sec=3216.98 latency_sample_rate=64 latency_samples=62500 latency_p50_ns=229375 latency_p99_ns=1687551 latency_p999_ns=2162687 latency_max_ns=2357945
# measured round=5 layout=pinned scenario=fifo batch=16
LATENCY library=salias-ipc scenario=fifo consumer=0 samples=31250 p50_ns=9699327 p99_ns=10092543 p999_ns=10223615 max_ns=10190540
LATENCY library=salias-ipc scenario=fifo consumer=1 samples=31250 p50_ns=231423 p99_ns=8191999 p999_ns=8519679 max_ns=8501830
RESULT library=salias-ipc scenario=fifo page=normal pinning=on cpu_base=0 cpu_stride=1 producers=2 consumers=2 payload=64 capacity=4194304 batch_size=16 poll_limit=64 published=2000000 delivered=4000000 seconds=0.161527 publish_msg_per_sec=1.23818e+07 delivery_msg_per_sec=2.47636e+07 delivery_mib_per_sec=1511.45 latency_sample_rate=64 latency_samples=62500 latency_p50_ns=6684671 latency_p99_ns=10092543 latency_p999_ns=10223615 latency_max_ns=10190540
LATENCY library=aeron-cpp scenario=mpmc consumer=0 samples=31250 p50_ns=487423 p99_ns=2162687 p999_ns=2392063 max_ns=2510253
LATENCY library=aeron-cpp scenario=mpmc consumer=1 samples=31250 p50_ns=75775 p99_ns=704511 p999_ns=991231 max_ns=1048594
RESULT library=aeron-cpp scenario=mpmc pinning=on cpu_base=0 cpu_stride=1 term_length=4194304 producers=2 consumers=2 payload=64 published=2000000 delivered=4000000 seconds=0.0874321 publish_msg_per_sec=2.28749e+07 delivery_msg_per_sec=4.57498e+07 delivery_mib_per_sec=2792.35 latency_sample_rate=64 latency_samples=62500 latency_p50_ns=176127 latency_p99_ns=2047999 latency_p999_ns=2392063 latency_max_ns=2510253
# measured round=6 layout=pinned scenario=fifo batch=16
LATENCY library=salias-ipc scenario=fifo consumer=0 samples=31250 p50_ns=37887 p99_ns=5701631 p999_ns=6160383 max_ns=6191459
LATENCY library=salias-ipc scenario=fifo consumer=1 samples=31250 p50_ns=10878975 p99_ns=11796479 p999_ns=11927551 max_ns=11818964
RESULT library=salias-ipc scenario=fifo page=normal pinning=on cpu_base=0 cpu_stride=1 producers=2 consumers=2 payload=64 capacity=4194304 batch_size=16 poll_limit=64 published=2000000 delivered=4000000 seconds=0.181194 publish_msg_per_sec=1.10379e+07 delivery_msg_per_sec=2.20757e+07 delivery_mib_per_sec=1347.4 latency_sample_rate=64 latency_samples=62500 latency_p50_ns=4718591 latency_p99_ns=11665407 latency_p999_ns=11796479 latency_max_ns=11818964
LATENCY library=aeron-cpp scenario=mpmc consumer=0 samples=31250 p50_ns=364543 p99_ns=1966079 p999_ns=2195455 max_ns=2218123
LATENCY library=aeron-cpp scenario=mpmc consumer=1 samples=31250 p50_ns=92159 p99_ns=802815 p999_ns=925695 max_ns=948889
RESULT library=aeron-cpp scenario=mpmc pinning=on cpu_base=0 cpu_stride=1 term_length=4194304 producers=2 consumers=2 payload=64 published=2000000 delivered=4000000 seconds=0.0773934 publish_msg_per_sec=2.5842e+07 delivery_msg_per_sec=5.1684e+07 delivery_mib_per_sec=3154.54 latency_sample_rate=64 latency_samples=62500 latency_p50_ns=184319 latency_p99_ns=1851391 latency_p999_ns=2195455 latency_max_ns=2218123
# measured round=7 layout=pinned scenario=fifo batch=16
LATENCY library=salias-ipc scenario=fifo consumer=0 samples=31250 p50_ns=56831 p99_ns=6029311 p999_ns=6619135 max_ns=6634403
LATENCY library=salias-ipc scenario=fifo consumer=1 samples=31250 p50_ns=9699327 p99_ns=10092543 p999_ns=10223615 max_ns=10141930
RESULT library=salias-ipc scenario=fifo page=normal pinning=on cpu_base=0 cpu_stride=1 producers=2 consumers=2 payload=64 capacity=4194304 batch_size=16 poll_limit=64 published=2000000 delivered=4000000 seconds=0.160083 publish_msg_per_sec=1.24935e+07 delivery_msg_per_sec=2.49871e+07 delivery_mib_per_sec=1525.09 latency_sample_rate=64 latency_samples=62500 latency_p50_ns=4653055 latency_p99_ns=10092543 latency_p999_ns=10223615 latency_max_ns=10141930
LATENCY library=aeron-cpp scenario=mpmc consumer=0 samples=31250 p50_ns=360447 p99_ns=2162687 p999_ns=2392063 max_ns=2437104
LATENCY library=aeron-cpp scenario=mpmc consumer=1 samples=31250 p50_ns=823 p99_ns=114687 p999_ns=180223 max_ns=195934
RESULT library=aeron-cpp scenario=mpmc pinning=on cpu_base=0 cpu_stride=1 term_length=4194304 producers=2 consumers=2 payload=64 published=2000000 delivered=4000000 seconds=0.0988154 publish_msg_per_sec=2.02398e+07 delivery_msg_per_sec=4.04795e+07 delivery_mib_per_sec=2470.67 latency_sample_rate=64 latency_samples=62500 latency_p50_ns=23039 latency_p99_ns=2031615 latency_p999_ns=2359295 latency_max_ns=2437104
# measured round=8 layout=pinned scenario=fifo batch=16
LATENCY library=salias-ipc scenario=fifo consumer=0 samples=31250 p50_ns=117759 p99_ns=6946815 p999_ns=7208959 max_ns=7252318
LATENCY library=salias-ipc scenario=fifo consumer=1 samples=31250 p50_ns=9961471 p99_ns=11010047 p999_ns=11141119 max_ns=11241828
RESULT library=salias-ipc scenario=fifo page=normal pinning=on cpu_base=0 cpu_stride=1 producers=2 consumers=2 payload=64 capacity=4194304 batch_size=16 poll_limit=64 published=2000000 delivered=4000000 seconds=0.167331 publish_msg_per_sec=1.19524e+07 delivery_msg_per_sec=2.39047e+07 delivery_mib_per_sec=1459.03 latency_sample_rate=64 latency_samples=62500 latency_p50_ns=5308415 latency_p99_ns=11010047 latency_p999_ns=11141119 latency_max_ns=11241828
LATENCY library=aeron-cpp scenario=mpmc consumer=0 samples=31250 p50_ns=215039 p99_ns=1785855 p999_ns=1916927 max_ns=1975467
LATENCY library=aeron-cpp scenario=mpmc consumer=1 samples=31250 p50_ns=24831 p99_ns=425983 p999_ns=524287 max_ns=554543
RESULT library=aeron-cpp scenario=mpmc pinning=on cpu_base=0 cpu_stride=1 term_length=4194304 producers=2 consumers=2 payload=64 published=2000000 delivered=4000000 seconds=0.192086 publish_msg_per_sec=1.0412e+07 delivery_msg_per_sec=2.0824e+07 delivery_mib_per_sec=1271 latency_sample_rate=64 latency_samples=62500 latency_p50_ns=72703 latency_p99_ns=1622015 latency_p999_ns=1867775 latency_max_ns=1975467
# measured round=9 layout=pinned scenario=fifo batch=16
LATENCY library=salias-ipc scenario=fifo consumer=0 samples=31250 p50_ns=9568255 p99_ns=10354687 p999_ns=10354687 max_ns=10390216
LATENCY library=salias-ipc scenario=fifo consumer=1 samples=31250 p50_ns=59903 p99_ns=5242879 p999_ns=5636095 max_ns=5622067
RESULT library=salias-ipc scenario=fifo page=normal pinning=on cpu_base=0 cpu_stride=1 producers=2 consumers=2 payload=64 capacity=4194304 batch_size=16 poll_limit=64 published=2000000 delivered=4000000 seconds=0.158925 publish_msg_per_sec=1.25845e+07 delivery_msg_per_sec=2.51691e+07 delivery_mib_per_sec=1536.2 latency_sample_rate=64 latency_samples=62500 latency_p50_ns=3997695 latency_p99_ns=10223615 latency_p999_ns=10354687 latency_max_ns=10390216
LATENCY library=aeron-cpp scenario=mpmc consumer=0 samples=31250 p50_ns=380927 p99_ns=1998847 p999_ns=2195455 max_ns=2222540
LATENCY library=aeron-cpp scenario=mpmc consumer=1 samples=31250 p50_ns=139263 p99_ns=1572863 p999_ns=1769471 max_ns=1940631
RESULT library=aeron-cpp scenario=mpmc pinning=on cpu_base=0 cpu_stride=1 term_length=4194304 producers=2 consumers=2 payload=64 published=2000000 delivered=4000000 seconds=0.0798613 publish_msg_per_sec=2.50434e+07 delivery_msg_per_sec=5.00868e+07 delivery_mib_per_sec=3057.06 latency_sample_rate=64 latency_samples=62500 latency_p50_ns=255999 latency_p99_ns=1835007 latency_p999_ns=2162687 latency_max_ns=2222540
# measured round=10 layout=pinned scenario=fifo batch=16
LATENCY library=salias-ipc scenario=fifo consumer=0 samples=31250 p50_ns=24063 p99_ns=4456447 p999_ns=4784127 max_ns=4820375
LATENCY library=salias-ipc scenario=fifo consumer=1 samples=31250 p50_ns=9306111 p99_ns=13369343 p999_ns=13500415 max_ns=13437956
RESULT library=salias-ipc scenario=fifo page=normal pinning=on cpu_base=0 cpu_stride=1 producers=2 consumers=2 payload=64 capacity=4194304 batch_size=16 poll_limit=64 published=2000000 delivered=4000000 seconds=0.158734 publish_msg_per_sec=1.25997e+07 delivery_msg_per_sec=2.51994e+07 delivery_mib_per_sec=1538.05 latency_sample_rate=64 latency_samples=62500 latency_p50_ns=3506175 latency_p99_ns=13369343 latency_p999_ns=13500415 latency_max_ns=13437956
LATENCY library=aeron-cpp scenario=mpmc consumer=0 samples=31250 p50_ns=581631 p99_ns=2359295 p999_ns=2490367 max_ns=2528678
LATENCY library=aeron-cpp scenario=mpmc consumer=1 samples=31250 p50_ns=60415 p99_ns=598015 p999_ns=770047 max_ns=900137
RESULT library=aeron-cpp scenario=mpmc pinning=on cpu_base=0 cpu_stride=1 term_length=4194304 producers=2 consumers=2 payload=64 published=2000000 delivered=4000000 seconds=0.0963547 publish_msg_per_sec=2.07566e+07 delivery_msg_per_sec=4.15133e+07 delivery_mib_per_sec=2533.77 latency_sample_rate=64 latency_samples=62500 latency_p50_ns=172031 latency_p99_ns=2326527 latency_p999_ns=2457599 latency_max_ns=2528678
# case layout=pinned scenario=ordered batch=1
# warmup round=1 layout=pinned scenario=ordered batch=1
# warmup round=2 layout=pinned scenario=ordered batch=1
# measured round=1 layout=pinned scenario=ordered batch=1
LATENCY library=salias-ipc scenario=ordered consumer=0 samples=31250 p50_ns=12845055 p99_ns=14417919 p999_ns=15335423 max_ns=15472065
LATENCY library=salias-ipc scenario=ordered consumer=1 samples=31250 p50_ns=67583 p99_ns=7733247 p999_ns=8126463 max_ns=8199025
RESULT library=salias-ipc scenario=ordered page=normal pinning=on cpu_base=0 cpu_stride=1 producers=2 consumers=2 payload=64 capacity=4194304 batch_size=1 poll_limit=64 published=2000000 delivered=4000000 seconds=0.21588 publish_msg_per_sec=9.2644e+06 delivery_msg_per_sec=1.85288e+07 delivery_mib_per_sec=1130.91 latency_sample_rate=64 latency_samples=62500 latency_p50_ns=4718591 latency_p99_ns=13893631 latency_p999_ns=15335423 latency_max_ns=15472065
LATENCY library=aeron-cpp scenario=mpmc consumer=0 samples=31250 p50_ns=194559 p99_ns=1327103 p999_ns=1523711 max_ns=1526303
LATENCY library=aeron-cpp scenario=mpmc consumer=1 samples=31250 p50_ns=30207 p99_ns=409599 p999_ns=499711 max_ns=510786
RESULT library=aeron-cpp scenario=mpmc pinning=on cpu_base=0 cpu_stride=1 term_length=4194304 producers=2 consumers=2 payload=64 published=2000000 delivered=4000000 seconds=0.0892553 publish_msg_per_sec=2.24076e+07 delivery_msg_per_sec=4.48153e+07 delivery_mib_per_sec=2735.31 latency_sample_rate=64 latency_samples=62500 latency_p50_ns=84991 latency_p99_ns=1261567 latency_p999_ns=1441791 latency_max_ns=1526303
# measured round=2 layout=pinned scenario=ordered batch=1
LATENCY library=salias-ipc scenario=ordered consumer=0 samples=31250 p50_ns=352255 p99_ns=12189695 p999_ns=12320767 max_ns=12411541
LATENCY library=salias-ipc scenario=ordered consumer=1 samples=31250 p50_ns=16252927 p99_ns=17301503 p999_ns=17301503 max_ns=17285899
RESULT library=salias-ipc scenario=ordered page=normal pinning=on cpu_base=0 cpu_stride=1 producers=2 consumers=2 payload=64 capacity=4194304 batch_size=1 poll_limit=64 published=2000000 delivered=4000000 seconds=0.267372 publish_msg_per_sec=7.48021e+06 delivery_msg_per_sec=1.49604e+07 delivery_mib_per_sec=913.112 latency_sample_rate=64 latency_samples=62500 latency_p50_ns=10354687 latency_p99_ns=17301503 latency_p999_ns=17301503 latency_max_ns=17285899
LATENCY library=aeron-cpp scenario=mpmc consumer=0 samples=31250 p50_ns=219135 p99_ns=1720319 p999_ns=1966079 max_ns=1968604
LATENCY library=aeron-cpp scenario=mpmc consumer=1 samples=31250 p50_ns=34815 p99_ns=655359 p999_ns=827391 max_ns=852442
RESULT library=aeron-cpp scenario=mpmc pinning=on cpu_base=0 cpu_stride=1 term_length=4194304 producers=2 consumers=2 payload=64 published=2000000 delivered=4000000 seconds=0.0807783 publish_msg_per_sec=2.47591e+07 delivery_msg_per_sec=4.95182e+07 delivery_mib_per_sec=3022.35 latency_sample_rate=64 latency_samples=62500 latency_p50_ns=94207 latency_p99_ns=1572863 latency_p999_ns=1884159 latency_max_ns=1968604
# measured round=3 layout=pinned scenario=ordered batch=1
LATENCY library=salias-ipc scenario=ordered consumer=0 samples=31250 p50_ns=12189695 p99_ns=12713983 p999_ns=12845055 max_ns=12803009
LATENCY library=salias-ipc scenario=ordered consumer=1 samples=31250 p50_ns=86015 p99_ns=6029311 p999_ns=6160383 max_ns=6145741
RESULT library=salias-ipc scenario=ordered page=normal pinning=on cpu_base=0 cpu_stride=1 producers=2 consumers=2 payload=64 capacity=4194304 batch_size=1 poll_limit=64 published=2000000 delivered=4000000 seconds=0.204028 publish_msg_per_sec=9.80257e+06 delivery_msg_per_sec=1.96051e+07 delivery_mib_per_sec=1196.6 latency_sample_rate=64 latency_samples=62500 latency_p50_ns=5242879 latency_p99_ns=12713983 latency_p999_ns=12845055 latency_max_ns=12803009
LATENCY library=aeron-cpp scenario=mpmc consumer=0 samples=31250 p50_ns=323583 p99_ns=1966079 p999_ns=2260991 max_ns=2260032
LATENCY library=aeron-cpp scenario=mpmc consumer=1 samples=31250 p50_ns=119807 p99_ns=1097727 p999_ns=1343487 max_ns=1437751
RESULT library=aeron-cpp scenario=mpmc pinning=on cpu_base=0 cpu_stride=1 term_length=4194304 producers=2 consumers=2 payload=64 published=2000000 delivered=4000000 seconds=0.36495 publish_msg_per_sec=5.4802e+06 delivery_msg_per_sec=1.09604e+07 delivery_mib_per_sec=668.97 latency_sample_rate=64 latency_samples=62500 latency_p50_ns=196607 latency_p99_ns=1769471 latency_p999_ns=2195455 latency_max_ns=2260032
# measured round=4 layout=pinned scenario=ordered batch=1
LATENCY library=salias-ipc scenario=ordered consumer=0 samples=31250 p50_ns=335871 p99_ns=5898239 p999_ns=5963775 max_ns=5967281
LATENCY library=salias-ipc scenario=ordered consumer=1 samples=31250 p50_ns=11403263 p99_ns=14680063 p999_ns=14680063 max_ns=14700225
RESULT library=salias-ipc scenario=ordered page=normal pinning=on cpu_base=0 cpu_stride=1 producers=2 consumers=2 payload=64 capacity=4194304 batch_size=1 poll_limit=64 published=2000000 delivered=4000000 seconds=0.193466 publish_msg_per_sec=1.03377e+07 delivery_msg_per_sec=2.06755e+07 delivery_mib_per_sec=1261.93 latency_sample_rate=64 latency_samples=62500 latency_p50_ns=4521983 latency_p99_ns=14680063 latency_p999_ns=14680063 latency_max_ns=14700225
LATENCY library=aeron-cpp scenario=mpmc consumer=0 samples=31250 p50_ns=311295 p99_ns=1966079 p999_ns=2129919 max_ns=2198327
LATENCY library=aeron-cpp scenario=mpmc consumer=1 samples=31250 p50_ns=815 p99_ns=135167 p999_ns=174079 max_ns=285872
RESULT library=aeron-cpp scenario=mpmc pinning=on cpu_base=0 cpu_stride=1 term_length=4194304 producers=2 consumers=2 payload=64 published=2000000 delivered=4000000 seconds=0.106763 publish_msg_per_sec=1.8733e+07 delivery_msg_per_sec=3.74661e+07 delivery_mib_per_sec=2286.75 latency_sample_rate=64 latency_samples=62500 latency_p50_ns=26879 latency_p99_ns=1867775 latency_p999_ns=2080767 latency_max_ns=2198327
# measured round=5 layout=pinned scenario=ordered batch=1
LATENCY library=salias-ipc scenario=ordered consumer=0 samples=31250 p50_ns=100351 p99_ns=6291455 p999_ns=6356991 max_ns=6391757
LATENCY library=salias-ipc scenario=ordered consumer=1 samples=31250 p50_ns=12582911 p99_ns=23330815 p999_ns=24117247 max_ns=24052144
RESULT library=salias-ipc scenario=ordered page=normal pinning=on cpu_base=0 cpu_stride=1 producers=2 consumers=2 payload=64 capacity=4194304 batch_size=1 poll_limit=64 published=2000000 delivered=4000000 seconds=0.227051 publish_msg_per_sec=8.80861e+06 delivery_msg_per_sec=1.76172e+07 delivery_mib_per_sec=1075.27 latency_sample_rate=64 latency_samples=62500 latency_p50_ns=4980735 latency_p99_ns=22806527 latency_p999_ns=24117247 latency_max_ns=24052144
LATENCY library=aeron-cpp scenario=mpmc consumer=0 samples=31250 p50_ns=385023 p99_ns=2195455 p999_ns=2359295 max_ns=2432333
LATENCY library=aeron-cpp scenario=mpmc consumer=1 samples=31250 p50_ns=56319 p99_ns=557055 p999_ns=778239 max_ns=794594
RESULT library=aeron-cpp scenario=mpmc pinning=on cpu_base=0 cpu_stride=1 term_length=4194304 producers=2 consumers=2 payload=64 published=2000000 delivered=4000000 seconds=0.0806389 publish_msg_per_sec=2.48019e+07 delivery_msg_per_sec=4.96039e+07 delivery_mib_per_sec=3027.58 latency_sample_rate=64 latency_samples=62500 latency_p50_ns=163839 latency_p99_ns=2097151 latency_p999_ns=2326527 latency_max_ns=2432333
# measured round=6 layout=pinned scenario=ordered batch=1
LATENCY library=salias-ipc scenario=ordered consumer=0 samples=31250 p50_ns=151551 p99_ns=8191999 p999_ns=8650751 max_ns=8650231
LATENCY library=salias-ipc scenario=ordered consumer=1 samples=31250 p50_ns=17563647 p99_ns=23068671 p999_ns=23592959 max_ns=23642306
RESULT library=salias-ipc scenario=ordered page=normal pinning=on cpu_base=0 cpu_stride=1 producers=2 consumers=2 payload=64 capacity=4194304 batch_size=1 poll_limit=64 published=2000000 delivered=4000000 seconds=0.294048 publish_msg_per_sec=6.8016e+06 delivery_msg_per_sec=1.36032e+07 delivery_mib_per_sec=830.274 latency_sample_rate=64 latency_samples=62500 latency_p50_ns=6553599 latency_p99_ns=21233663 latency_p999_ns=23592959 latency_max_ns=23642306
LATENCY library=aeron-cpp scenario=mpmc consumer=0 samples=31250 p50_ns=249855 p99_ns=1556479 p999_ns=1884159 max_ns=1966700
LATENCY library=aeron-cpp scenario=mpmc consumer=1 samples=31250 p50_ns=56319 p99_ns=892927 p999_ns=1023999 max_ns=1276948
RESULT library=aeron-cpp scenario=mpmc pinning=on cpu_base=0 cpu_stride=1 term_length=4194304 producers=2 consumers=2 payload=64 published=2000000 delivered=4000000 seconds=0.0753816 publish_msg_per_sec=2.65317e+07 delivery_msg_per_sec=5.30633e+07 delivery_mib_per_sec=3238.73 latency_sample_rate=64 latency_samples=62500 latency_p50_ns=169983 latency_p99_ns=1458175 latency_p999_ns=1851391 latency_max_ns=1966700
# measured round=7 layout=pinned scenario=ordered batch=1
LATENCY library=salias-ipc scenario=ordered consumer=0 samples=31250 p50_ns=13762559 p99_ns=14548991 p999_ns=14811135 max_ns=14807274
LATENCY library=salias-ipc scenario=ordered consumer=1 samples=31250 p50_ns=59391 p99_ns=5242879 p999_ns=5373951 max_ns=5518185
RESULT library=salias-ipc scenario=ordered page=normal pinning=on cpu_base=0 cpu_stride=1 producers=2 consumers=2 payload=64 capacity=4194304 batch_size=1 poll_limit=64 published=2000000 delivered=4000000 seconds=0.225686 publish_msg_per_sec=8.86186e+06 delivery_msg_per_sec=1.77237e+07 delivery_mib_per_sec=1081.77 latency_sample_rate=64 latency_samples=62500 latency_p50_ns=3637247 latency_p99_ns=14548991 latency_p999_ns=14680063 latency_max_ns=14807274
LATENCY library=aeron-cpp scenario=mpmc consumer=0 samples=31250 p50_ns=215039 p99_ns=1802239 p999_ns=2031615 max_ns=2052654
LATENCY library=aeron-cpp scenario=mpmc consumer=1 samples=31250 p50_ns=1439 p99_ns=106495 p999_ns=141311 max_ns=173232
RESULT library=aeron-cpp scenario=mpmc pinning=on cpu_base=0 cpu_stride=1 term_length=4194304 producers=2 consumers=2 payload=64 published=2000000 delivered=4000000 seconds=0.0792248 publish_msg_per_sec=2.52446e+07 delivery_msg_per_sec=5.04892e+07 delivery_mib_per_sec=3081.62 latency_sample_rate=64 latency_samples=62500 latency_p50_ns=30719 latency_p99_ns=1605631 latency_p999_ns=1949695 latency_max_ns=2052654
# measured round=8 layout=pinned scenario=ordered batch=1
LATENCY library=salias-ipc scenario=ordered consumer=0 samples=31250 p50_ns=14548991 p99_ns=15204351 p999_ns=15204351 max_ns=15226604
LATENCY library=salias-ipc scenario=ordered consumer=1 samples=31250 p50_ns=29695 p99_ns=3964927 p999_ns=4161535 max_ns=4163516
RESULT library=salias-ipc scenario=ordered page=normal pinning=on cpu_base=0 cpu_stride=1 producers=2 consumers=2 payload=64 capacity=4194304 batch_size=1 poll_limit=64 published=2000000 delivered=4000000 seconds=0.236736 publish_msg_per_sec=8.44822e+06 delivery_msg_per_sec=1.68964e+07 delivery_mib_per_sec=1031.28 latency_sample_rate=64 latency_samples=62500 latency_p50_ns=3506175 latency_p99_ns=15073279 latency_p999_ns=15204351 latency_max_ns=15226604
LATENCY library=aeron-cpp scenario=mpmc consumer=0 samples=31250 p50_ns=344063 p99_ns=2195455 p999_ns=2359295 max_ns=2412549
LATENCY library=aeron-cpp scenario=mpmc consumer=1 samples=31250 p50_ns=243711 p99_ns=1310719 p999_ns=1622015 max_ns=1645819
RESULT library=aeron-cpp scenario=mpmc pinning=on cpu_base=0 cpu_stride=1 term_length=4194304 producers=2 consumers=2 payload=64 published=2000000 delivered=4000000 seconds=0.0749506 publish_msg_per_sec=2.66842e+07 delivery_msg_per_sec=5.33685e+07 delivery_mib_per_sec=3257.35 latency_sample_rate=64 latency_samples=62500 latency_p50_ns=274431 latency_p99_ns=2080767 latency_p999_ns=2326527 latency_max_ns=2412549
# measured round=9 layout=pinned scenario=ordered batch=1
LATENCY library=salias-ipc scenario=ordered consumer=0 samples=31250 p50_ns=41983 p99_ns=2916351 p999_ns=3047423 max_ns=3053770
LATENCY library=salias-ipc scenario=ordered consumer=1 samples=31250 p50_ns=13762559 p99_ns=14942207 p999_ns=14942207 max_ns=14929981
RESULT library=salias-ipc scenario=ordered page=normal pinning=on cpu_base=0 cpu_stride=1 producers=2 consumers=2 payload=64 capacity=4194304 batch_size=1 poll_limit=64 published=2000000 delivered=4000000 seconds=0.224714 publish_msg_per_sec=8.90022e+06 delivery_msg_per_sec=1.78004e+07 delivery_mib_per_sec=1086.45 latency_sample_rate=64 latency_samples=62500 latency_p50_ns=2621439 latency_p99_ns=14811135 latency_p999_ns=14942207 latency_max_ns=14929981
LATENCY library=aeron-cpp scenario=mpmc consumer=0 samples=31250 p50_ns=93183 p99_ns=1327103 p999_ns=1441791 max_ns=1458560
LATENCY library=aeron-cpp scenario=mpmc consumer=1 samples=31250 p50_ns=223 p99_ns=78847 p999_ns=130047 max_ns=149664
RESULT library=aeron-cpp scenario=mpmc pinning=on cpu_base=0 cpu_stride=1 term_length=4194304 producers=2 consumers=2 payload=64 published=2000000 delivered=4000000 seconds=0.188563 publish_msg_per_sec=1.06065e+07 delivery_msg_per_sec=2.12131e+07 delivery_mib_per_sec=1294.74 latency_sample_rate=64 latency_samples=62500 latency_p50_ns=2207 latency_p99_ns=1261567 latency_p999_ns=1425407 latency_max_ns=1458560
# measured round=10 layout=pinned scenario=ordered batch=1
LATENCY library=salias-ipc scenario=ordered consumer=0 samples=31250 p50_ns=1015807 p99_ns=11010047 p999_ns=11272191 max_ns=11267982
LATENCY library=salias-ipc scenario=ordered consumer=1 samples=31250 p50_ns=14811135 p99_ns=15335423 p999_ns=15466495 max_ns=15407334
RESULT library=salias-ipc scenario=ordered page=normal pinning=on cpu_base=0 cpu_stride=1 producers=2 consumers=2 payload=64 capacity=4194304 batch_size=1 poll_limit=64 published=2000000 delivered=4000000 seconds=0.245163 publish_msg_per_sec=8.15784e+06 delivery_msg_per_sec=1.63157e+07 delivery_mib_per_sec=995.83 latency_sample_rate=64 latency_samples=62500 latency_p50_ns=9830399 latency_p99_ns=15335423 latency_p999_ns=15466495 latency_max_ns=15407334
LATENCY library=aeron-cpp scenario=mpmc consumer=0 samples=31250 p50_ns=92159 p99_ns=1359871 p999_ns=1605631 max_ns=1619179
LATENCY library=aeron-cpp scenario=mpmc consumer=1 samples=31250 p50_ns=311 p99_ns=76799 p999_ns=161791 max_ns=192902
RESULT library=aeron-cpp scenario=mpmc pinning=on cpu_base=0 cpu_stride=1 term_length=4194304 producers=2 consumers=2 payload=64 published=2000000 delivered=4000000 seconds=0.119493 publish_msg_per_sec=1.67373e+07 delivery_msg_per_sec=3.34746e+07 delivery_mib_per_sec=2043.13 latency_sample_rate=64 latency_samples=62500 latency_p50_ns=2559 latency_p99_ns=1277951 latency_p999_ns=1556479 latency_max_ns=1619179
# case layout=pinned scenario=ordered batch=16
# warmup round=1 layout=pinned scenario=ordered batch=16
# warmup round=2 layout=pinned scenario=ordered batch=16
# measured round=1 layout=pinned scenario=ordered batch=16
LATENCY library=salias-ipc scenario=ordered consumer=0 samples=31250 p50_ns=11927551 p99_ns=13893631 p999_ns=14286847 max_ns=14201327
LATENCY library=salias-ipc scenario=ordered consumer=1 samples=31250 p50_ns=35839 p99_ns=6815743 p999_ns=7077887 max_ns=7099436
RESULT library=salias-ipc scenario=ordered page=normal pinning=on cpu_base=0 cpu_stride=1 producers=2 consumers=2 payload=64 capacity=4194304 batch_size=16 poll_limit=64 published=2000000 delivered=4000000 seconds=0.197841 publish_msg_per_sec=1.01091e+07 delivery_msg_per_sec=2.02182e+07 delivery_mib_per_sec=1234.02 latency_sample_rate=64 latency_samples=62500 latency_p50_ns=5832703 latency_p99_ns=13500415 latency_p999_ns=14155775 latency_max_ns=14201327
LATENCY library=aeron-cpp scenario=mpmc consumer=0 samples=31250 p50_ns=516095 p99_ns=2359295 p999_ns=2424831 max_ns=2450547
LATENCY library=aeron-cpp scenario=mpmc consumer=1 samples=31250 p50_ns=282623 p99_ns=1769471 p999_ns=2015231 max_ns=2234031
RESULT library=aeron-cpp scenario=mpmc pinning=on cpu_base=0 cpu_stride=1 term_length=4194304 producers=2 consumers=2 payload=64 published=2000000 delivered=4000000 seconds=0.0788793 publish_msg_per_sec=2.53552e+07 delivery_msg_per_sec=5.07104e+07 delivery_mib_per_sec=3095.12 latency_sample_rate=64 latency_samples=62500 latency_p50_ns=356351 latency_p99_ns=2293759 latency_p999_ns=2392063 latency_max_ns=2450547
# measured round=2 layout=pinned scenario=ordered batch=16
LATENCY library=salias-ipc scenario=ordered consumer=0 samples=31250 p50_ns=35839 p99_ns=6750207 p999_ns=6946815 max_ns=6920504
LATENCY library=salias-ipc scenario=ordered consumer=1 samples=31250 p50_ns=11665407 p99_ns=12189695 p999_ns=12320767 max_ns=12346495
RESULT library=salias-ipc scenario=ordered page=normal pinning=on cpu_base=0 cpu_stride=1 producers=2 consumers=2 payload=64 capacity=4194304 batch_size=16 poll_limit=64 published=2000000 delivered=4000000 seconds=0.193423 publish_msg_per_sec=1.03401e+07 delivery_msg_per_sec=2.06801e+07 delivery_mib_per_sec=1262.21 latency_sample_rate=64 latency_samples=62500 latency_p50_ns=5570559 latency_p99_ns=12189695 latency_p999_ns=12320767 latency_max_ns=12346495
LATENCY library=aeron-cpp scenario=mpmc consumer=0 samples=31250 p50_ns=307199 p99_ns=1310719 p999_ns=1687551 max_ns=1702903
LATENCY library=aeron-cpp scenario=mpmc consumer=1 samples=31250 p50_ns=253 p99_ns=72703 p999_ns=129023 max_ns=138733
RESULT library=aeron-cpp scenario=mpmc pinning=on cpu_base=0 cpu_stride=1 term_length=4194304 producers=2 consumers=2 payload=64 published=2000000 delivered=4000000 seconds=0.109952 publish_msg_per_sec=1.81897e+07 delivery_msg_per_sec=3.63794e+07 delivery_mib_per_sec=2220.42 latency_sample_rate=64 latency_samples=62500 latency_p50_ns=5759 latency_p99_ns=1146879 latency_p999_ns=1671167 latency_max_ns=1702903
# measured round=3 layout=pinned scenario=ordered batch=16
LATENCY library=salias-ipc scenario=ordered consumer=0 samples=31250 p50_ns=11927551 p99_ns=12713983 p999_ns=12845055 max_ns=12721744
LATENCY library=salias-ipc scenario=ordered consumer=1 samples=31250 p50_ns=36863 p99_ns=7012351 p999_ns=7274495 max_ns=7286040
RESULT library=salias-ipc scenario=ordered page=normal pinning=on cpu_base=0 cpu_stride=1 producers=2 consumers=2 payload=64 capacity=4194304 batch_size=16 poll_limit=64 published=2000000 delivered=4000000 seconds=0.199143 publish_msg_per_sec=1.0043e+07 delivery_msg_per_sec=2.00861e+07 delivery_mib_per_sec=1225.96 latency_sample_rate=64 latency_samples=62500 latency_p50_ns=5832703 latency_p99_ns=12713983 latency_p999_ns=12845055 latency_max_ns=12721744
LATENCY library=aeron-cpp scenario=mpmc consumer=0 samples=31250 p50_ns=466943 p99_ns=2162687 p999_ns=2392063 max_ns=2460990
LATENCY library=aeron-cpp scenario=mpmc consumer=1 samples=31250 p50_ns=283 p99_ns=73727 p999_ns=91135 max_ns=125414
RESULT library=aeron-cpp scenario=mpmc pinning=on cpu_base=0 cpu_stride=1 term_length=4194304 producers=2 consumers=2 payload=64 published=2000000 delivered=4000000 seconds=0.265236 publish_msg_per_sec=7.54046e+06 delivery_msg_per_sec=1.50809e+07 delivery_mib_per_sec=920.466 latency_sample_rate=64 latency_samples=62500 latency_p50_ns=6719 latency_p99_ns=1966079 latency_p999_ns=2392063 latency_max_ns=2460990
# measured round=4 layout=pinned scenario=ordered batch=16
LATENCY library=salias-ipc scenario=ordered consumer=0 samples=31250 p50_ns=35327 p99_ns=6225919 p999_ns=6619135 max_ns=6628511
LATENCY library=salias-ipc scenario=ordered consumer=1 samples=31250 p50_ns=12582911 p99_ns=14417919 p999_ns=14548991 max_ns=14567186
RESULT library=salias-ipc scenario=ordered page=normal pinning=on cpu_base=0 cpu_stride=1 producers=2 consumers=2 payload=64 capacity=4194304 batch_size=16 poll_limit=64 published=2000000 delivered=4000000 seconds=0.209379 publish_msg_per_sec=9.55204e+06 delivery_msg_per_sec=1.91041e+07 delivery_mib_per_sec=1166.02 latency_sample_rate=64 latency_samples=62500 latency_p50_ns=5177343 latency_p99_ns=14286847 latency_p999_ns=14548991 latency_max_ns=14567186
LATENCY library=aeron-cpp scenario=mpmc consumer=0 samples=31250 p50_ns=90111 p99_ns=1163263 p999_ns=1376255 max_ns=1372686
LATENCY library=aeron-cpp scenario=mpmc consumer=1 samples=31250 p50_ns=511 p99_ns=93183 p999_ns=126975 max_ns=199246
RESULT library=aeron-cpp scenario=mpmc pinning=on cpu_base=0 cpu_stride=1 term_length=4194304 producers=2 consumers=2 payload=64 published=2000000 delivered=4000000 seconds=0.234966 publish_msg_per_sec=8.51186e+06 delivery_msg_per_sec=1.70237e+07 delivery_mib_per_sec=1039.05 latency_sample_rate=64 latency_samples=62500 latency_p50_ns=4415 latency_p99_ns=1097727 latency_p999_ns=1343487 latency_max_ns=1372686
# measured round=5 layout=pinned scenario=ordered batch=16
LATENCY library=salias-ipc scenario=ordered consumer=0 samples=31250 p50_ns=8781823 p99_ns=10747903 p999_ns=11010047 max_ns=10939484
LATENCY library=salias-ipc scenario=ordered consumer=1 samples=31250 p50_ns=11403263 p99_ns=16252927 p999_ns=16252927 max_ns=16248997
RESULT library=salias-ipc scenario=ordered page=normal pinning=on cpu_base=0 cpu_stride=1 producers=2 consumers=2 payload=64 capacity=4194304 batch_size=16 poll_limit=64 published=2000000 delivered=4000000 seconds=0.195759 publish_msg_per_sec=1.02167e+07 delivery_msg_per_sec=2.04333e+07 delivery_mib_per_sec=1247.15 latency_sample_rate=64 latency_samples=62500 latency_p50_ns=10092543 latency_p99_ns=16121855 latency_p999_ns=16252927 latency_max_ns=16248997
LATENCY library=aeron-cpp scenario=mpmc consumer=0 samples=31250 p50_ns=212991 p99_ns=1163263 p999_ns=1343487 max_ns=1391953
LATENCY library=aeron-cpp scenario=mpmc consumer=1 samples=31250 p50_ns=59391 p99_ns=520191 p999_ns=671743 max_ns=708187
RESULT library=aeron-cpp scenario=mpmc pinning=on cpu_base=0 cpu_stride=1 term_length=4194304 producers=2 consumers=2 payload=64 published=2000000 delivered=4000000 seconds=0.0859267 publish_msg_per_sec=2.32756e+07 delivery_msg_per_sec=4.65513e+07 delivery_mib_per_sec=2841.26 latency_sample_rate=64 latency_samples=62500 latency_p50_ns=107519 latency_p99_ns=1114111 latency_p999_ns=1343487 latency_max_ns=1391953
# measured round=6 layout=pinned scenario=ordered batch=16
LATENCY library=salias-ipc scenario=ordered consumer=0 samples=31250 p50_ns=1294335 p99_ns=11534335 p999_ns=11796479 max_ns=11808707
LATENCY library=salias-ipc scenario=ordered consumer=1 samples=31250 p50_ns=12845055 p99_ns=13369343 p999_ns=13500415 max_ns=13487536
RESULT library=salias-ipc scenario=ordered page=normal pinning=on cpu_base=0 cpu_stride=1 producers=2 consumers=2 payload=64 capacity=4194304 batch_size=16 poll_limit=64 published=2000000 delivered=4000000 seconds=0.212827 publish_msg_per_sec=9.3973e+06 delivery_msg_per_sec=1.87946e+07 delivery_mib_per_sec=1147.13 latency_sample_rate=64 latency_samples=62500 latency_p50_ns=10223615 latency_p99_ns=13369343 latency_p999_ns=13500415 latency_max_ns=13487536
LATENCY library=aeron-cpp scenario=mpmc consumer=0 samples=31250 p50_ns=235519 p99_ns=1802239 p999_ns=2129919 max_ns=2240568
LATENCY library=aeron-cpp scenario=mpmc consumer=1 samples=31250 p50_ns=29951 p99_ns=573439 p999_ns=761855 max_ns=791785
RESULT library=aeron-cpp scenario=mpmc pinning=on cpu_base=0 cpu_stride=1 term_length=4194304 producers=2 consumers=2 payload=64 published=2000000 delivered=4000000 seconds=0.0788089 publish_msg_per_sec=2.53778e+07 delivery_msg_per_sec=5.07557e+07 delivery_mib_per_sec=3097.88 latency_sample_rate=64 latency_samples=62500 latency_p50_ns=88063 latency_p99_ns=1507327 latency_p999_ns=2080767 latency_max_ns=2240568
# measured round=7 layout=pinned scenario=ordered batch=16
LATENCY library=salias-ipc scenario=ordered consumer=0 samples=31250 p50_ns=4063231 p99_ns=10485759 p999_ns=10616831 max_ns=10640300
LATENCY library=salias-ipc scenario=ordered consumer=1 samples=31250 p50_ns=11534335 p99_ns=12451839 p999_ns=12582911 max_ns=12582213
RESULT library=salias-ipc scenario=ordered page=normal pinning=on cpu_base=0 cpu_stride=1 producers=2 consumers=2 payload=64 capacity=4194304 batch_size=16 poll_limit=64 published=2000000 delivered=4000000 seconds=0.190059 publish_msg_per_sec=1.0523e+07 delivery_msg_per_sec=2.10461e+07 delivery_mib_per_sec=1284.55 latency_sample_rate=64 latency_samples=62500 latency_p50_ns=9043967 latency_p99_ns=12320767 latency_p999_ns=12582911 latency_max_ns=12582213
LATENCY library=aeron-cpp scenario=mpmc consumer=0 samples=31250 p50_ns=278527 p99_ns=1523711 p999_ns=1720319 max_ns=1748089
LATENCY library=aeron-cpp scenario=mpmc consumer=1 samples=31250 p50_ns=823 p99_ns=114687 p999_ns=147455 max_ns=164472
RESULT library=aeron-cpp scenario=mpmc pinning=on cpu_base=0 cpu_stride=1 term_length=4194304 producers=2 consumers=2 payload=64 published=2000000 delivered=4000000 seconds=0.0831367 publish_msg_per_sec=2.40568e+07 delivery_msg_per_sec=4.81135e+07 delivery_mib_per_sec=2936.62 latency_sample_rate=64 latency_samples=62500 latency_p50_ns=28671 latency_p99_ns=1425407 latency_p999_ns=1654783 latency_max_ns=1748089
# measured round=8 layout=pinned scenario=ordered batch=16
LATENCY library=salias-ipc scenario=ordered consumer=0 samples=31250 p50_ns=11272191 p99_ns=12058623 p999_ns=12058623 max_ns=12079526
LATENCY library=salias-ipc scenario=ordered consumer=1 samples=31250 p50_ns=52223 p99_ns=7208959 p999_ns=7536639 max_ns=7535496
RESULT library=salias-ipc scenario=ordered page=normal pinning=on cpu_base=0 cpu_stride=1 producers=2 consumers=2 payload=64 capacity=4194304 batch_size=16 poll_limit=64 published=2000000 delivered=4000000 seconds=0.187854 publish_msg_per_sec=1.06465e+07 delivery_msg_per_sec=2.12931e+07 delivery_mib_per_sec=1299.63 latency_sample_rate=64 latency_samples=62500 latency_p50_ns=6094847 latency_p99_ns=12058623 latency_p999_ns=12058623 latency_max_ns=12079526
LATENCY library=aeron-cpp scenario=mpmc consumer=0 samples=31250 p50_ns=274431 p99_ns=1671167 p999_ns=1966079 max_ns=2056792
LATENCY library=aeron-cpp scenario=mpmc consumer=1 samples=31250 p50_ns=84991 p99_ns=2490367 p999_ns=3178495 max_ns=3243036
RESULT library=aeron-cpp scenario=mpmc pinning=on cpu_base=0 cpu_stride=1 term_length=4194304 producers=2 consumers=2 payload=64 published=2000000 delivered=4000000 seconds=0.0775975 publish_msg_per_sec=2.5774e+07 delivery_msg_per_sec=5.15481e+07 delivery_mib_per_sec=3146.24 latency_sample_rate=64 latency_samples=62500 latency_p50_ns=161791 latency_p99_ns=1933311 latency_p999_ns=3047423 latency_max_ns=3243036
# measured round=9 layout=pinned scenario=ordered batch=16
LATENCY library=salias-ipc scenario=ordered consumer=0 samples=31250 p50_ns=163839 p99_ns=7274495 p999_ns=7536639 max_ns=7521293
LATENCY library=salias-ipc scenario=ordered consumer=1 samples=31250 p50_ns=10354687 p99_ns=11010047 p999_ns=11141119 max_ns=11198844
RESULT library=salias-ipc scenario=ordered page=normal pinning=on cpu_base=0 cpu_stride=1 producers=2 consumers=2 payload=64 capacity=4194304 batch_size=16 poll_limit=64 published=2000000 delivered=4000000 seconds=0.171068 publish_msg_per_sec=1.16912e+07 delivery_msg_per_sec=2.33825e+07 delivery_mib_per_sec=1427.15 latency_sample_rate=64 latency_samples=62500 latency_p50_ns=5767167 latency_p99_ns=11010047 latency_p999_ns=11141119 latency_max_ns=11198844
LATENCY library=aeron-cpp scenario=mpmc consumer=0 samples=31250 p50_ns=112639 p99_ns=1605631 p999_ns=1802239 max_ns=1810774
LATENCY library=aeron-cpp scenario=mpmc consumer=1 samples=31250 p50_ns=551 p99_ns=69631 p999_ns=133119 max_ns=287032
RESULT library=aeron-cpp scenario=mpmc pinning=on cpu_base=0 cpu_stride=1 term_length=4194304 producers=2 consumers=2 payload=64 published=2000000 delivered=4000000 seconds=0.127708 publish_msg_per_sec=1.56608e+07 delivery_msg_per_sec=3.13215e+07 delivery_mib_per_sec=1911.71 latency_sample_rate=64 latency_samples=62500 latency_p50_ns=10623 latency_p99_ns=1572863 latency_p999_ns=1703935 latency_max_ns=1810774
# measured round=10 layout=pinned scenario=ordered batch=16
LATENCY library=salias-ipc scenario=ordered consumer=0 samples=31250 p50_ns=11272191 p99_ns=11927551 p999_ns=11927551 max_ns=11920034
LATENCY library=salias-ipc scenario=ordered consumer=1 samples=31250 p50_ns=48127 p99_ns=6422527 p999_ns=6750207 max_ns=6741069
RESULT library=salias-ipc scenario=ordered page=normal pinning=on cpu_base=0 cpu_stride=1 producers=2 consumers=2 payload=64 capacity=4194304 batch_size=16 poll_limit=64 published=2000000 delivered=4000000 seconds=0.186379 publish_msg_per_sec=1.07308e+07 delivery_msg_per_sec=2.14617e+07 delivery_mib_per_sec=1309.92 latency_sample_rate=64 latency_samples=62500 latency_p50_ns=5767167 latency_p99_ns=11927551 latency_p999_ns=11927551 latency_max_ns=11920034
LATENCY library=aeron-cpp scenario=mpmc consumer=0 samples=31250 p50_ns=299007 p99_ns=2129919 p999_ns=2359295 max_ns=2415454
LATENCY library=aeron-cpp scenario=mpmc consumer=1 samples=31250 p50_ns=50687 p99_ns=614399 p999_ns=835583 max_ns=867064
RESULT library=aeron-cpp scenario=mpmc pinning=on cpu_base=0 cpu_stride=1 term_length=4194304 producers=2 consumers=2 payload=64 published=2000000 delivered=4000000 seconds=0.174594 publish_msg_per_sec=1.14551e+07 delivery_msg_per_sec=2.29103e+07 delivery_mib_per_sec=1398.33 latency_sample_rate=64 latency_samples=62500 latency_p50_ns=143359 latency_p99_ns=1851391 latency_p999_ns=2293759 latency_max_ns=2415454
# case layout=unpinned scenario=fifo batch=1
# warmup round=1 layout=unpinned scenario=fifo batch=1
# warmup round=2 layout=unpinned scenario=fifo batch=1
# measured round=1 layout=unpinned scenario=fifo batch=1
LATENCY library=salias-ipc scenario=fifo consumer=0 samples=31250 p50_ns=8650751 p99_ns=8912895 p999_ns=8912895 max_ns=8876344
LATENCY library=salias-ipc scenario=fifo consumer=1 samples=31250 p50_ns=3342335 p99_ns=7208959 p999_ns=7274495 max_ns=7275181
RESULT library=salias-ipc scenario=fifo page=normal pinning=off cpu_base=-1 cpu_stride=1 producers=2 consumers=2 payload=64 capacity=4194304 batch_size=1 poll_limit=64 published=2000000 delivered=4000000 seconds=0.146488 publish_msg_per_sec=1.3653e+07 delivery_msg_per_sec=2.7306e+07 delivery_mib_per_sec=1666.62 latency_sample_rate=64 latency_samples=62500 latency_p50_ns=4653055 latency_p99_ns=8912895 latency_p999_ns=8912895 latency_max_ns=8876344
LATENCY library=aeron-cpp scenario=mpmc consumer=0 samples=31250 p50_ns=225279 p99_ns=4259839 p999_ns=5111807 max_ns=5231377
LATENCY library=aeron-cpp scenario=mpmc consumer=1 samples=31250 p50_ns=679935 p99_ns=3276799 p999_ns=4095999 max_ns=4281169
RESULT library=aeron-cpp scenario=mpmc pinning=off cpu_base=-1 cpu_stride=1 term_length=4194304 producers=2 consumers=2 payload=64 published=2000000 delivered=4000000 seconds=0.105273 publish_msg_per_sec=1.89982e+07 delivery_msg_per_sec=3.79963e+07 delivery_mib_per_sec=2319.11 latency_sample_rate=64 latency_samples=62500 latency_p50_ns=458751 latency_p99_ns=3964927 latency_p999_ns=4980735 latency_max_ns=5231377
# measured round=2 layout=unpinned scenario=fifo batch=1
LATENCY library=salias-ipc scenario=fifo consumer=0 samples=31250 p50_ns=3775 p99_ns=4095999 p999_ns=4587519 max_ns=4617311
LATENCY library=salias-ipc scenario=fifo consumer=1 samples=31250 p50_ns=18350079 p99_ns=21233663 p999_ns=21495807 max_ns=21481556
RESULT library=salias-ipc scenario=fifo page=normal pinning=off cpu_base=-1 cpu_stride=1 producers=2 consumers=2 payload=64 capacity=4194304 batch_size=1 poll_limit=64 published=2000000 delivered=4000000 seconds=0.313124 publish_msg_per_sec=6.38725e+06 delivery_msg_per_sec=1.27745e+07 delivery_mib_per_sec=779.693 latency_sample_rate=64 latency_samples=62500 latency_p50_ns=3506175 latency_p99_ns=21233663 latency_p999_ns=21495807 latency_max_ns=21481556
LATENCY library=aeron-cpp scenario=mpmc consumer=0 samples=31250 p50_ns=65535 p99_ns=1998847 p999_ns=2555903 max_ns=3247088
LATENCY library=aeron-cpp scenario=mpmc consumer=1 samples=31250 p50_ns=503807 p99_ns=2293759 p999_ns=2555903 max_ns=2678491
RESULT library=aeron-cpp scenario=mpmc pinning=off cpu_base=-1 cpu_stride=1 term_length=4194304 producers=2 consumers=2 payload=64 published=2000000 delivered=4000000 seconds=0.0855503 publish_msg_per_sec=2.33781e+07 delivery_msg_per_sec=4.67561e+07 delivery_mib_per_sec=2853.77 latency_sample_rate=64 latency_samples=62500 latency_p50_ns=184319 latency_p99_ns=2260991 latency_p999_ns=2555903 latency_max_ns=3247088
# measured round=3 layout=unpinned scenario=fifo batch=1
LATENCY library=salias-ipc scenario=fifo consumer=0 samples=31250 p50_ns=17301503 p99_ns=21495807 p999_ns=21757951 max_ns=21779999
LATENCY library=salias-ipc scenario=fifo consumer=1 samples=31250 p50_ns=3647 p99_ns=4194303 p999_ns=4784127 max_ns=4819525
RESULT library=salias-ipc scenario=fifo page=normal pinning=off cpu_base=-1 cpu_stride=1 producers=2 consumers=2 payload=64 capacity=4194304 batch_size=1 poll_limit=64 published=2000000 delivered=4000000 seconds=0.28747 publish_msg_per_sec=6.95726e+06 delivery_msg_per_sec=1.39145e+07 delivery_mib_per_sec=849.275 latency_sample_rate=64 latency_samples=62500 latency_p50_ns=3604479 latency_p99_ns=21233663 latency_p999_ns=21757951 latency_max_ns=21779999
LATENCY library=aeron-cpp scenario=mpmc consumer=0 samples=31250 p50_ns=364543 p99_ns=2080767 p999_ns=2228223 max_ns=2414503
LATENCY library=aeron-cpp scenario=mpmc consumer=1 samples=31250 p50_ns=37375 p99_ns=430079 p999_ns=487423 max_ns=502154
RESULT library=aeron-cpp scenario=mpmc pinning=off cpu_base=-1 cpu_stride=1 term_length=4194304 producers=2 consumers=2 payload=64 published=2000000 delivered=4000000 seconds=0.094072 publish_msg_per_sec=2.12603e+07 delivery_msg_per_sec=4.25206e+07 delivery_mib_per_sec=2595.25 latency_sample_rate=64 latency_samples=62500 latency_p50_ns=108543 latency_p99_ns=1982463 latency_p999_ns=2195455 latency_max_ns=2414503
# measured round=4 layout=unpinned scenario=fifo batch=1
LATENCY library=salias-ipc scenario=fifo consumer=0 samples=31250 p50_ns=5898239 p99_ns=6553599 p999_ns=6619135 max_ns=6610603
LATENCY library=salias-ipc scenario=fifo consumer=1 samples=31250 p50_ns=8126463 p99_ns=9568255 p999_ns=9568255 max_ns=9547954
RESULT library=salias-ipc scenario=fifo page=normal pinning=off cpu_base=-1 cpu_stride=1 producers=2 consumers=2 payload=64 capacity=4194304 batch_size=1 poll_limit=64 published=2000000 delivered=4000000 seconds=0.144365 publish_msg_per_sec=1.38538e+07 delivery_msg_per_sec=2.77076e+07 delivery_mib_per_sec=1691.14 latency_sample_rate=64 latency_samples=62500 latency_p50_ns=6422527 latency_p99_ns=9568255 latency_p999_ns=9568255 latency_max_ns=9547954
LATENCY library=aeron-cpp scenario=mpmc consumer=0 samples=31250 p50_ns=47615 p99_ns=1523711 p999_ns=1916927 max_ns=1931858
LATENCY library=aeron-cpp scenario=mpmc consumer=1 samples=31250 p50_ns=319487 p99_ns=1605631 p999_ns=1835007 max_ns=1961054
RESULT library=aeron-cpp scenario=mpmc pinning=off cpu_base=-1 cpu_stride=1 term_length=4194304 producers=2 consumers=2 payload=64 published=2000000 delivered=4000000 seconds=0.0770366 publish_msg_per_sec=2.59617e+07 delivery_msg_per_sec=5.19234e+07 delivery_mib_per_sec=3169.15 latency_sample_rate=64 latency_samples=62500 latency_p50_ns=155647 latency_p99_ns=1572863 latency_p999_ns=1884159 latency_max_ns=1961054
# measured round=5 layout=unpinned scenario=fifo batch=1
LATENCY library=salias-ipc scenario=fifo consumer=0 samples=31250 p50_ns=3231 p99_ns=4095999 p999_ns=5111807 max_ns=5172086
LATENCY library=salias-ipc scenario=fifo consumer=1 samples=31250 p50_ns=16777215 p99_ns=24117247 p999_ns=24641535 max_ns=24656266
RESULT library=salias-ipc scenario=fifo page=normal pinning=off cpu_base=-1 cpu_stride=1 producers=2 consumers=2 payload=64 capacity=4194304 batch_size=1 poll_limit=64 published=2000000 delivered=4000000 seconds=0.303882 publish_msg_per_sec=6.58151e+06 delivery_msg_per_sec=1.3163e+07 delivery_mib_per_sec=803.407 latency_sample_rate=64 latency_samples=62500 latency_p50_ns=3899391 latency_p99_ns=24117247 latency_p999_ns=24641535 latency_max_ns=24656266
LATENCY library=aeron-cpp scenario=mpmc consumer=0 samples=31250 p50_ns=28927 p99_ns=638975 p999_ns=917503 max_ns=951162
LATENCY library=aeron-cpp scenario=mpmc consumer=1 samples=31250 p50_ns=1711 p99_ns=217087 p999_ns=286719 max_ns=295854
RESULT library=aeron-cpp scenario=mpmc pinning=off cpu_base=-1 cpu_stride=1 term_length=4194304 producers=2 consumers=2 payload=64 published=2000000 delivered=4000000 seconds=0.0895342 publish_msg_per_sec=2.23378e+07 delivery_msg_per_sec=4.46756e+07 delivery_mib_per_sec=2726.79 latency_sample_rate=64 latency_samples=62500 latency_p50_ns=5887 latency_p99_ns=462847 latency_p999_ns=851967 latency_max_ns=951162
# measured round=6 layout=unpinned scenario=fifo batch=1
LATENCY library=salias-ipc scenario=fifo consumer=0 samples=31250 p50_ns=9568255 p99_ns=10223615 p999_ns=10223615 max_ns=10263906
LATENCY library=salias-ipc scenario=fifo consumer=1 samples=31250 p50_ns=48127 p99_ns=5505023 p999_ns=5767167 max_ns=5745234
RESULT library=salias-ipc scenario=fifo page=normal pinning=off cpu_base=-1 cpu_stride=1 producers=2 consumers=2 payload=64 capacity=4194304 batch_size=1 poll_limit=64 published=2000000 delivered=4000000 seconds=0.157857 publish_msg_per_sec=1.26697e+07 delivery_msg_per_sec=2.53394e+07 delivery_mib_per_sec=1546.6 latency_sample_rate=64 latency_samples=62500 latency_p50_ns=4456447 latency_p99_ns=10092543 latency_p999_ns=10223615 latency_max_ns=10263906
LATENCY library=aeron-cpp scenario=mpmc consumer=0 samples=31250 p50_ns=1887 p99_ns=1589247 p999_ns=1802239 max_ns=2380075
LATENCY library=aeron-cpp scenario=mpmc consumer=1 samples=31250 p50_ns=278527 p99_ns=1540095 p999_ns=2293759 max_ns=2486313
RESULT library=aeron-cpp scenario=mpmc pinning=off cpu_base=-1 cpu_stride=1 term_length=4194304 producers=2 consumers=2 payload=64 published=2000000 delivered=4000000 seconds=0.090455 publish_msg_per_sec=2.21104e+07 delivery_msg_per_sec=4.42209e+07 delivery_mib_per_sec=2699.03 latency_sample_rate=64 latency_samples=62500 latency_p50_ns=49151 latency_p99_ns=1556479 latency_p999_ns=2260991 latency_max_ns=2486313
# measured round=7 layout=unpinned scenario=fifo batch=1
LATENCY library=salias-ipc scenario=fifo consumer=0 samples=31250 p50_ns=9568255 p99_ns=11272191 p999_ns=11534335 max_ns=11607264
LATENCY library=salias-ipc scenario=fifo consumer=1 samples=31250 p50_ns=38399 p99_ns=5439487 p999_ns=5767167 max_ns=5802290
RESULT library=salias-ipc scenario=fifo page=normal pinning=off cpu_base=-1 cpu_stride=1 producers=2 consumers=2 payload=64 capacity=4194304 batch_size=1 poll_limit=64 published=2000000 delivered=4000000 seconds=0.164344 publish_msg_per_sec=1.21696e+07 delivery_msg_per_sec=2.43391e+07 delivery_mib_per_sec=1485.54 latency_sample_rate=64 latency_samples=62500 latency_p50_ns=4259839 latency_p99_ns=11141119 latency_p999_ns=11534335 latency_max_ns=11607264
LATENCY library=aeron-cpp scenario=mpmc consumer=0 samples=31250 p50_ns=753663 p99_ns=2555903 p999_ns=2949119 max_ns=2966706
LATENCY library=aeron-cpp scenario=mpmc consumer=1 samples=31250 p50_ns=147455 p99_ns=1196031 p999_ns=2293759 max_ns=2429176
RESULT library=aeron-cpp scenario=mpmc pinning=off cpu_base=-1 cpu_stride=1 term_length=4194304 producers=2 consumers=2 payload=64 published=2000000 delivered=4000000 seconds=0.0907318 publish_msg_per_sec=2.2043e+07 delivery_msg_per_sec=4.4086e+07 delivery_mib_per_sec=2690.8 latency_sample_rate=64 latency_samples=62500 latency_p50_ns=352255 latency_p99_ns=2424831 latency_p999_ns=2785279 latency_max_ns=2966706
# measured round=8 layout=unpinned scenario=fifo batch=1
LATENCY library=salias-ipc scenario=fifo consumer=0 samples=31250 p50_ns=8781823 p99_ns=11403263 p999_ns=11534335 max_ns=11470843
LATENCY library=salias-ipc scenario=fifo consumer=1 samples=31250 p50_ns=41983 p99_ns=6160383 p999_ns=6422527 max_ns=6475214
RESULT library=salias-ipc scenario=fifo page=normal pinning=off cpu_base=-1 cpu_stride=1 producers=2 consumers=2 payload=64 capacity=4194304 batch_size=1 poll_limit=64 published=2000000 delivered=4000000 seconds=0.149078 publish_msg_per_sec=1.34158e+07 delivery_msg_per_sec=2.68317e+07 delivery_mib_per_sec=1637.67 latency_sample_rate=64 latency_samples=62500 latency_p50_ns=4325375 latency_p99_ns=11272191 latency_p999_ns=11534335 latency_max_ns=11470843
LATENCY library=aeron-cpp scenario=mpmc consumer=0 samples=31250 p50_ns=80895 p99_ns=598015 p999_ns=761855 max_ns=775555
LATENCY library=aeron-cpp scenario=mpmc consumer=1 samples=31250 p50_ns=598015 p99_ns=2588671 p999_ns=4849663 max_ns=5309424
RESULT library=aeron-cpp scenario=mpmc pinning=off cpu_base=-1 cpu_stride=1 term_length=4194304 producers=2 consumers=2 payload=64 published=2000000 delivered=4000000 seconds=0.0985811 publish_msg_per_sec=2.02879e+07 delivery_msg_per_sec=4.05757e+07 delivery_mib_per_sec=2476.55 latency_sample_rate=64 latency_samples=62500 latency_p50_ns=178175 latency_p99_ns=2326527 latency_p999_ns=2818047 latency_max_ns=5309424
# measured round=9 layout=unpinned scenario=fifo batch=1
LATENCY library=salias-ipc scenario=fifo consumer=0 samples=31250 p50_ns=21503 p99_ns=5373951 p999_ns=5570559 max_ns=5585829
LATENCY library=salias-ipc scenario=fifo consumer=1 samples=31250 p50_ns=10878975 p99_ns=13369343 p999_ns=13762559 max_ns=13752665
RESULT library=salias-ipc scenario=fifo page=normal pinning=off cpu_base=-1 cpu_stride=1 producers=2 consumers=2 payload=64 capacity=4194304 batch_size=1 poll_limit=64 published=2000000 delivered=4000000 seconds=0.182993 publish_msg_per_sec=1.09294e+07 delivery_msg_per_sec=2.18587e+07 delivery_mib_per_sec=1334.15 latency_sample_rate=64 latency_samples=62500 latency_p50_ns=4390911 latency_p99_ns=12713983 latency_p999_ns=13631487 latency_max_ns=13752665
LATENCY library=aeron-cpp scenario=mpmc consumer=0 samples=31250 p50_ns=421887 p99_ns=2293759 p999_ns=2490367 max_ns=2577555
LATENCY library=aeron-cpp scenario=mpmc consumer=1 samples=31250 p50_ns=25087 p99_ns=438271 p999_ns=589823 max_ns=720978
RESULT library=aeron-cpp scenario=mpmc pinning=off cpu_base=-1 cpu_stride=1 term_length=4194304 producers=2 consumers=2 payload=64 published=2000000 delivered=4000000 seconds=0.0910708 publish_msg_per_sec=2.19609e+07 delivery_msg_per_sec=4.39219e+07 delivery_mib_per_sec=2680.78 latency_sample_rate=64 latency_samples=62500 latency_p50_ns=133119 latency_p99_ns=2195455 latency_p999_ns=2359295 latency_max_ns=2577555
# measured round=10 layout=unpinned scenario=fifo batch=1
LATENCY library=salias-ipc scenario=fifo consumer=0 samples=31250 p50_ns=12320767 p99_ns=12976127 p999_ns=12976127 max_ns=12978979
LATENCY library=salias-ipc scenario=fifo consumer=1 samples=31250 p50_ns=70655 p99_ns=8781823 p999_ns=9306111 max_ns=9297838
RESULT library=salias-ipc scenario=fifo page=normal pinning=off cpu_base=-1 cpu_stride=1 producers=2 consumers=2 payload=64 capacity=4194304 batch_size=1 poll_limit=64 published=2000000 delivered=4000000 seconds=0.203519 publish_msg_per_sec=9.82709e+06 delivery_msg_per_sec=1.96542e+07 delivery_mib_per_sec=1199.6 latency_sample_rate=64 latency_samples=62500 latency_p50_ns=6881279 latency_p99_ns=12976127 latency_p999_ns=12976127 latency_max_ns=12978979
LATENCY library=aeron-cpp scenario=mpmc consumer=0 samples=31250 p50_ns=76799 p99_ns=1638399 p999_ns=2326527 max_ns=2366527
LATENCY library=aeron-cpp scenario=mpmc consumer=1 samples=31250 p50_ns=843775 p99_ns=2719743 p999_ns=2883583 max_ns=2949663
RESULT library=aeron-cpp scenario=mpmc pinning=off cpu_base=-1 cpu_stride=1 term_length=4194304 producers=2 consumers=2 payload=64 published=2000000 delivered=4000000 seconds=0.0966826 publish_msg_per_sec=2.06862e+07 delivery_msg_per_sec=4.13725e+07 delivery_mib_per_sec=2525.18 latency_sample_rate=64 latency_samples=62500 latency_p50_ns=311295 latency_p99_ns=2654207 latency_p999_ns=2850815 latency_max_ns=2949663
# case layout=unpinned scenario=fifo batch=16
# warmup round=1 layout=unpinned scenario=fifo batch=16
# warmup round=2 layout=unpinned scenario=fifo batch=16
# measured round=1 layout=unpinned scenario=fifo batch=16
LATENCY library=salias-ipc scenario=fifo consumer=0 samples=31250 p50_ns=9437183 p99_ns=10092543 p999_ns=10223615 max_ns=10123395
LATENCY library=salias-ipc scenario=fifo consumer=1 samples=31250 p50_ns=39935 p99_ns=5505023 p999_ns=5701631 max_ns=5691398
RESULT library=salias-ipc scenario=fifo page=normal pinning=off cpu_base=-1 cpu_stride=1 producers=2 consumers=2 payload=64 capacity=4194304 batch_size=16 poll_limit=64 published=2000000 delivered=4000000 seconds=0.155204 publish_msg_per_sec=1.28863e+07 delivery_msg_per_sec=2.57726e+07 delivery_mib_per_sec=1573.03 latency_sample_rate=64 latency_samples=62500 latency_p50_ns=4325375 latency_p99_ns=9961471 latency_p999_ns=10092543 latency_max_ns=10123395
LATENCY library=aeron-cpp scenario=mpmc consumer=0 samples=31250 p50_ns=1631 p99_ns=274431 p999_ns=356351 max_ns=372051
LATENCY library=aeron-cpp scenario=mpmc consumer=1 samples=31250 p50_ns=335871 p99_ns=1966079 p999_ns=2260991 max_ns=2274511
RESULT library=aeron-cpp scenario=mpmc pinning=off cpu_base=-1 cpu_stride=1 term_length=4194304 producers=2 consumers=2 payload=64 published=2000000 delivered=4000000 seconds=0.0914584 publish_msg_per_sec=2.18679e+07 delivery_msg_per_sec=4.37357e+07 delivery_mib_per_sec=2669.42 latency_sample_rate=64 latency_samples=62500 latency_p50_ns=47103 latency_p99_ns=1556479 latency_p999_ns=2228223 latency_max_ns=2274511
# measured round=2 layout=unpinned scenario=fifo batch=16
LATENCY library=salias-ipc scenario=fifo consumer=0 samples=31250 p50_ns=1081343 p99_ns=7012351 p999_ns=7733247 max_ns=7734444
LATENCY library=salias-ipc scenario=fifo consumer=1 samples=31250 p50_ns=6488063 p99_ns=12189695 p999_ns=13238271 max_ns=13824354
RESULT library=salias-ipc scenario=fifo page=normal pinning=off cpu_base=-1 cpu_stride=1 producers=2 consumers=2 payload=64 capacity=4194304 batch_size=16 poll_limit=64 published=2000000 delivered=4000000 seconds=0.129078 publish_msg_per_sec=1.54945e+07 delivery_msg_per_sec=3.09891e+07 delivery_mib_per_sec=1891.42 latency_sample_rate=64 latency_samples=62500 latency_p50_ns=3833855 latency_p99_ns=11665407 latency_p999_ns=13107199 latency_max_ns=13824354
LATENCY library=aeron-cpp scenario=mpmc consumer=0 samples=31250 p50_ns=887 p99_ns=434175 p999_ns=1032191 max_ns=1141758
LATENCY library=aeron-cpp scenario=mpmc consumer=1 samples=31250 p50_ns=3839 p99_ns=278527 p999_ns=438271 max_ns=1141647
RESULT library=aeron-cpp scenario=mpmc pinning=off cpu_base=-1 cpu_stride=1 term_length=4194304 producers=2 consumers=2 payload=64 published=2000000 delivered=4000000 seconds=0.128737 publish_msg_per_sec=1.55356e+07 delivery_msg_per_sec=3.10711e+07 delivery_mib_per_sec=1896.43 latency_sample_rate=64 latency_samples=62500 latency_p50_ns=1263 latency_p99_ns=315391 latency_p999_ns=925695 latency_max_ns=1141758
# measured round=3 layout=unpinned scenario=fifo batch=16
LATENCY library=salias-ipc scenario=fifo consumer=0 samples=31250 p50_ns=2271 p99_ns=3866623 p999_ns=4063231 max_ns=4077903
LATENCY library=salias-ipc scenario=fifo consumer=1 samples=31250 p50_ns=17825791 p99_ns=30146559 p999_ns=31195135 max_ns=31340493
RESULT library=salias-ipc scenario=fifo page=normal pinning=off cpu_base=-1 cpu_stride=1 producers=2 consumers=2 payload=64 capacity=4194304 batch_size=16 poll_limit=64 published=2000000 delivered=4000000 seconds=0.318841 publish_msg_per_sec=6.27271e+06 delivery_msg_per_sec=1.25454e+07 delivery_mib_per_sec=765.712 latency_sample_rate=64 latency_samples=62500 latency_p50_ns=3473407 latency_p99_ns=28573695 latency_p999_ns=31195135 latency_max_ns=31340493
LATENCY library=aeron-cpp scenario=mpmc consumer=0 samples=31250 p50_ns=2143 p99_ns=1622015 p999_ns=2162687 max_ns=2183124
LATENCY library=aeron-cpp scenario=mpmc consumer=1 samples=31250 p50_ns=223231 p99_ns=950271 p999_ns=1409023 max_ns=1501967
RESULT library=aeron-cpp scenario=mpmc pinning=off cpu_base=-1 cpu_stride=1 term_length=4194304 producers=2 consumers=2 payload=64 published=2000000 delivered=4000000 seconds=0.0891471 publish_msg_per_sec=2.24348e+07 delivery_msg_per_sec=4.48696e+07 delivery_mib_per_sec=2738.63 latency_sample_rate=64 latency_samples=62500 latency_p50_ns=40959 latency_p99_ns=1081343 latency_p999_ns=2047999 latency_max_ns=2183124
# measured round=4 layout=unpinned scenario=fifo batch=16
LATENCY library=salias-ipc scenario=fifo consumer=0 samples=31250 p50_ns=20735 p99_ns=5373951 p999_ns=5767167 max_ns=5756407
LATENCY library=salias-ipc scenario=fifo consumer=1 samples=31250 p50_ns=10223615 p99_ns=11665407 p999_ns=11665407 max_ns=11653959
RESULT library=salias-ipc scenario=fifo page=normal pinning=off cpu_base=-1 cpu_stride=1 producers=2 consumers=2 payload=64 capacity=4194304 batch_size=16 poll_limit=64 published=2000000 delivered=4000000 seconds=0.171202 publish_msg_per_sec=1.16821e+07 delivery_msg_per_sec=2.33643e+07 delivery_mib_per_sec=1426.04 latency_sample_rate=64 latency_samples=62500 latency_p50_ns=4259839 latency_p99_ns=11665407 latency_p999_ns=11665407 latency_max_ns=11653959
LATENCY library=aeron-cpp scenario=mpmc consumer=0 samples=31250 p50_ns=1167 p99_ns=266239 p999_ns=393215 max_ns=407656
LATENCY library=aeron-cpp scenario=mpmc consumer=1 samples=31250 p50_ns=64511 p99_ns=606207 p999_ns=802815 max_ns=806749
RESULT library=aeron-cpp scenario=mpmc pinning=off cpu_base=-1 cpu_stride=1 term_length=4194304 producers=2 consumers=2 payload=64 published=2000000 delivered=4000000 seconds=0.104129 publish_msg_per_sec=1.92069e+07 delivery_msg_per_sec=3.84138e+07 delivery_mib_per_sec=2344.59 latency_sample_rate=64 latency_samples=62500 latency_p50_ns=9471 latency_p99_ns=520191 latency_p999_ns=778239 latency_max_ns=806749
# measured round=5 layout=unpinned scenario=fifo batch=16
LATENCY library=salias-ipc scenario=fifo consumer=0 samples=31250 p50_ns=8650751 p99_ns=9437183 p999_ns=9437183 max_ns=9395083
LATENCY library=salias-ipc scenario=fifo consumer=1 samples=31250 p50_ns=40959 p99_ns=4653055 p999_ns=5046271 max_ns=5113402
RESULT library=salias-ipc scenario=fifo page=normal pinning=off cpu_base=-1 cpu_stride=1 producers=2 consumers=2 payload=64 capacity=4194304 batch_size=16 poll_limit=64 published=2000000 delivered=4000000 seconds=0.143972 publish_msg_per_sec=1.38916e+07 delivery_msg_per_sec=2.77831e+07 delivery_mib_per_sec=1695.75 latency_sample_rate=64 latency_samples=62500 latency_p50_ns=3440639 latency_p99_ns=9306111 latency_p999_ns=9437183 latency_max_ns=9395083
LATENCY library=aeron-cpp scenario=mpmc consumer=0 samples=31250 p50_ns=638975 p99_ns=2097151 p999_ns=2293759 max_ns=2295458
LATENCY library=aeron-cpp scenario=mpmc consumer=1 samples=31250 p50_ns=1775 p99_ns=258047 p999_ns=360447 max_ns=374420
RESULT library=aeron-cpp scenario=mpmc pinning=off cpu_base=-1 cpu_stride=1 term_length=4194304 producers=2 consumers=2 payload=64 published=2000000 delivered=4000000 seconds=0.0939878 publish_msg_per_sec=2.12794e+07 delivery_msg_per_sec=4.25587e+07 delivery_mib_per_sec=2597.58 latency_sample_rate=64 latency_samples=62500 latency_p50_ns=124927 latency_p99_ns=1966079 latency_p999_ns=2228223 latency_max_ns=2295458
# measured round=6 layout=unpinned scenario=fifo batch=16
LATENCY library=salias-ipc scenario=fifo consumer=0 samples=31250 p50_ns=8519679 p99_ns=9175039 p999_ns=9306111 max_ns=9243244
LATENCY library=salias-ipc scenario=fifo consumer=1 samples=31250 p50_ns=67583 p99_ns=5701631 p999_ns=6160383 max_ns=6141588
RESULT library=salias-ipc scenario=fifo page=normal pinning=off cpu_base=-1 cpu_stride=1 producers=2 consumers=2 payload=64 capacity=4194304 batch_size=16 poll_limit=64 published=2000000 delivered=4000000 seconds=0.142691 publish_msg_per_sec=1.40163e+07 delivery_msg_per_sec=2.80326e+07 delivery_mib_per_sec=1710.97 latency_sample_rate=64 latency_samples=62500 latency_p50_ns=4390911 latency_p99_ns=9175039 latency_p999_ns=9306111 latency_max_ns=9243244
LATENCY library=aeron-cpp scenario=mpmc consumer=0 samples=31250 p50_ns=687 p99_ns=198655 p999_ns=458751 max_ns=484730
LATENCY library=aeron-cpp scenario=mpmc consumer=1 samples=31250 p50_ns=34815 p99_ns=27262975 p999_ns=27525119 max_ns=27424333
RESULT library=aeron-cpp scenario=mpmc pinning=off cpu_base=-1 cpu_stride=1 term_length=4194304 producers=2 consumers=2 payload=64 published=2000000 delivered=4000000 seconds=0.12868 publish_msg_per_sec=1.55425e+07 delivery_msg_per_sec=3.10849e+07 delivery_mib_per_sec=1897.27 latency_sample_rate=64 latency_samples=62500 latency_p50_ns=1519 latency_p99_ns=26738687 latency_p999_ns=27262975 latency_max_ns=27424333
# measured round=7 layout=unpinned scenario=fifo batch=16
LATENCY library=salias-ipc scenario=fifo consumer=0 samples=31250 p50_ns=184319 p99_ns=5636095 p999_ns=5963775 max_ns=5965498
LATENCY library=salias-ipc scenario=fifo consumer=1 samples=31250 p50_ns=7340031 p99_ns=7864319 p999_ns=7995391 max_ns=7945287
RESULT library=salias-ipc scenario=fifo page=normal pinning=off cpu_base=-1 cpu_stride=1 producers=2 consumers=2 payload=64 capacity=4194304 batch_size=16 poll_limit=64 published=2000000 delivered=4000000 seconds=0.124527 publish_msg_per_sec=1.60607e+07 delivery_msg_per_sec=3.21215e+07 delivery_mib_per_sec=1960.54 latency_sample_rate=64 latency_samples=62500 latency_p50_ns=3866623 latency_p99_ns=7798783 latency_p999_ns=7929855 latency_max_ns=7945287
LATENCY library=aeron-cpp scenario=mpmc consumer=0 samples=31250 p50_ns=802815 p99_ns=3112959 p999_ns=3506175 max_ns=3537923
LATENCY library=aeron-cpp scenario=mpmc consumer=1 samples=31250 p50_ns=57855 p99_ns=2162687 p999_ns=3211263 max_ns=3435693
RESULT library=aeron-cpp scenario=mpmc pinning=off cpu_base=-1 cpu_stride=1 term_length=4194304 producers=2 consumers=2 payload=64 published=2000000 delivered=4000000 seconds=0.100272 publish_msg_per_sec=1.99457e+07 delivery_msg_per_sec=3.98915e+07 delivery_mib_per_sec=2434.78 latency_sample_rate=64 latency_samples=62500 latency_p50_ns=241663 latency_p99_ns=2949119 latency_p999_ns=3375103 latency_max_ns=3537923
# measured round=8 layout=unpinned scenario=fifo batch=16
LATENCY library=salias-ipc scenario=fifo consumer=0 samples=31250 p50_ns=23039 p99_ns=4849663 p999_ns=5111807 max_ns=5140505
LATENCY library=salias-ipc scenario=fifo consumer=1 samples=31250 p50_ns=9306111 p99_ns=9830399 p999_ns=9961471 max_ns=9957989
RESULT library=salias-ipc scenario=fifo page=normal pinning=off cpu_base=-1 cpu_stride=1 producers=2 consumers=2 payload=64 capacity=4194304 batch_size=16 poll_limit=64 published=2000000 delivered=4000000 seconds=0.152751 publish_msg_per_sec=1.30932e+07 delivery_msg_per_sec=2.61863e+07 delivery_mib_per_sec=1598.29 latency_sample_rate=64 latency_samples=62500 latency_p50_ns=2752511 latency_p99_ns=9830399 latency_p999_ns=9961471 latency_max_ns=9957989
LATENCY library=aeron-cpp scenario=mpmc consumer=0 samples=31250 p50_ns=96255 p99_ns=1146879 p999_ns=1458175 max_ns=1493392
LATENCY library=aeron-cpp scenario=mpmc consumer=1 samples=31250 p50_ns=466943 p99_ns=3080191 p999_ns=3538943 max_ns=3779901
RESULT library=aeron-cpp scenario=mpmc pinning=off cpu_base=-1 cpu_stride=1 term_length=4194304 producers=2 consumers=2 payload=64 published=2000000 delivered=4000000 seconds=0.0878988 publish_msg_per_sec=2.27534e+07 delivery_msg_per_sec=4.55069e+07 delivery_mib_per_sec=2777.52 latency_sample_rate=64 latency_samples=62500 latency_p50_ns=174079 latency_p99_ns=2850815 latency_p999_ns=3440639 latency_max_ns=3779901
# measured round=9 layout=unpinned scenario=fifo batch=16
LATENCY library=salias-ipc scenario=fifo consumer=0 samples=31250 p50_ns=5898239 p99_ns=7536639 p999_ns=7798783 max_ns=7806360
LATENCY library=salias-ipc scenario=fifo consumer=1 samples=31250 p50_ns=499711 p99_ns=4653055 p999_ns=4915199 max_ns=4908233
RESULT library=salias-ipc scenario=fifo page=normal pinning=off cpu_base=-1 cpu_stride=1 producers=2 consumers=2 payload=64 capacity=4194304 batch_size=16 poll_limit=64 published=2000000 delivered=4000000 seconds=0.107358 publish_msg_per_sec=1.86293e+07 delivery_msg_per_sec=3.72585e+07 delivery_mib_per_sec=2274.08 latency_sample_rate=64 latency_samples=62500 latency_p50_ns=3047423 latency_p99_ns=7536639 latency_p999_ns=7733247 latency_max_ns=7806360
LATENCY library=aeron-cpp scenario=mpmc consumer=0 samples=31250 p50_ns=97279 p99_ns=1114111 p999_ns=1425407 max_ns=1460182
LATENCY library=aeron-cpp scenario=mpmc consumer=1 samples=31250 p50_ns=524287 p99_ns=2392063 p999_ns=3178495 max_ns=3208394
RESULT library=aeron-cpp scenario=mpmc pinning=off cpu_base=-1 cpu_stride=1 term_length=4194304 producers=2 consumers=2 payload=64 published=2000000 delivered=4000000 seconds=0.0883041 publish_msg_per_sec=2.2649e+07 delivery_msg_per_sec=4.5298e+07 delivery_mib_per_sec=2764.77 latency_sample_rate=64 latency_samples=62500 latency_p50_ns=270335 latency_p99_ns=2260991 latency_p999_ns=3112959 latency_max_ns=3208394
# measured round=10 layout=unpinned scenario=fifo batch=16
LATENCY library=salias-ipc scenario=fifo consumer=0 samples=31250 p50_ns=10223615 p99_ns=10878975 p999_ns=11010047 max_ns=10926080
LATENCY library=salias-ipc scenario=fifo consumer=1 samples=31250 p50_ns=115711 p99_ns=7733247 p999_ns=7995391 max_ns=8025481
RESULT library=salias-ipc scenario=fifo page=normal pinning=off cpu_base=-1 cpu_stride=1 producers=2 consumers=2 payload=64 capacity=4194304 batch_size=16 poll_limit=64 published=2000000 delivered=4000000 seconds=0.168696 publish_msg_per_sec=1.18557e+07 delivery_msg_per_sec=2.37113e+07 delivery_mib_per_sec=1447.22 latency_sample_rate=64 latency_samples=62500 latency_p50_ns=5636095 latency_p99_ns=10878975 latency_p999_ns=11010047 latency_max_ns=10926080
LATENCY library=aeron-cpp scenario=mpmc consumer=0 samples=31250 p50_ns=3327 p99_ns=516095 p999_ns=819199 max_ns=909356
LATENCY library=aeron-cpp scenario=mpmc consumer=1 samples=31250 p50_ns=589823 p99_ns=2424831 p999_ns=2555903 max_ns=2656160
RESULT library=aeron-cpp scenario=mpmc pinning=off cpu_base=-1 cpu_stride=1 term_length=4194304 producers=2 consumers=2 payload=64 published=2000000 delivered=4000000 seconds=0.0961473 publish_msg_per_sec=2.08014e+07 delivery_msg_per_sec=4.16029e+07 delivery_mib_per_sec=2539.24 latency_sample_rate=64 latency_samples=62500 latency_p50_ns=80895 latency_p99_ns=2326527 latency_p999_ns=2523135 latency_max_ns=2656160
# case layout=unpinned scenario=ordered batch=1
# warmup round=1 layout=unpinned scenario=ordered batch=1
# warmup round=2 layout=unpinned scenario=ordered batch=1
# measured round=1 layout=unpinned scenario=ordered batch=1
LATENCY library=salias-ipc scenario=ordered consumer=0 samples=31250 p50_ns=8257535 p99_ns=10616831 p999_ns=10747903 max_ns=10669636
LATENCY library=salias-ipc scenario=ordered consumer=1 samples=31250 p50_ns=11272191 p99_ns=11927551 p999_ns=11927551 max_ns=11874761
RESULT library=salias-ipc scenario=ordered page=normal pinning=off cpu_base=-1 cpu_stride=1 producers=2 consumers=2 payload=64 capacity=4194304 batch_size=1 poll_limit=64 published=2000000 delivered=4000000 seconds=0.193527 publish_msg_per_sec=1.03345e+07 delivery_msg_per_sec=2.0669e+07 delivery_mib_per_sec=1261.54 latency_sample_rate=64 latency_samples=62500 latency_p50_ns=9043967 latency_p99_ns=11796479 latency_p999_ns=11927551 latency_max_ns=11874761
LATENCY library=aeron-cpp scenario=mpmc consumer=0 samples=31250 p50_ns=69631 p99_ns=1867775 p999_ns=2260991 max_ns=2263601
LATENCY library=aeron-cpp scenario=mpmc consumer=1 samples=31250 p50_ns=380927 p99_ns=1933311 p999_ns=2359295 max_ns=2395162
RESULT library=aeron-cpp scenario=mpmc pinning=off cpu_base=-1 cpu_stride=1 term_length=4194304 producers=2 consumers=2 payload=64 published=2000000 delivered=4000000 seconds=0.0846649 publish_msg_per_sec=2.36225e+07 delivery_msg_per_sec=4.72451e+07 delivery_mib_per_sec=2883.61 latency_sample_rate=64 latency_samples=62500 latency_p50_ns=184319 latency_p99_ns=1900543 latency_p999_ns=2293759 latency_max_ns=2395162
# measured round=2 layout=unpinned scenario=ordered batch=1
LATENCY library=salias-ipc scenario=ordered consumer=0 samples=31250 p50_ns=12320767 p99_ns=13500415 p999_ns=13500415 max_ns=13462317
LATENCY library=salias-ipc scenario=ordered consumer=1 samples=31250 p50_ns=137215 p99_ns=6488063 p999_ns=6619135 max_ns=6626434
RESULT library=salias-ipc scenario=ordered page=normal pinning=off cpu_base=-1 cpu_stride=1 producers=2 consumers=2 payload=64 capacity=4194304 batch_size=1 poll_limit=64 published=2000000 delivered=4000000 seconds=0.205399 publish_msg_per_sec=9.73714e+06 delivery_msg_per_sec=1.94743e+07 delivery_mib_per_sec=1188.62 latency_sample_rate=64 latency_samples=62500 latency_p50_ns=5439487 latency_p99_ns=13369343 latency_p999_ns=13500415 latency_max_ns=13462317
LATENCY library=aeron-cpp scenario=mpmc consumer=0 samples=31250 p50_ns=36863 p99_ns=2359295 p999_ns=3375103 max_ns=3425761
LATENCY library=aeron-cpp scenario=mpmc consumer=1 samples=31250 p50_ns=1375 p99_ns=3145727 p999_ns=3604479 max_ns=3684548
RESULT library=aeron-cpp scenario=mpmc pinning=off cpu_base=-1 cpu_stride=1 term_length=4194304 producers=2 consumers=2 payload=64 published=2000000 delivered=4000000 seconds=0.120327 publish_msg_per_sec=1.66214e+07 delivery_msg_per_sec=3.32428e+07 delivery_mib_per_sec=2028.98 latency_sample_rate=64 latency_samples=62500 latency_p50_ns=4223 latency_p99_ns=2686975 latency_p999_ns=3571711 latency_max_ns=3684548
# measured round=3 layout=unpinned scenario=ordered batch=1
LATENCY library=salias-ipc scenario=ordered consumer=0 samples=31250 p50_ns=2392063 p99_ns=10092543 p999_ns=10223615 max_ns=10287104
LATENCY library=salias-ipc scenario=ordered consumer=1 samples=31250 p50_ns=13107199 p99_ns=14942207 p999_ns=14942207 max_ns=14953901
RESULT library=salias-ipc scenario=ordered page=normal pinning=off cpu_base=-1 cpu_stride=1 producers=2 consumers=2 payload=64 capacity=4194304 batch_size=1 poll_limit=64 published=2000000 delivered=4000000 seconds=0.224585 publish_msg_per_sec=8.90533e+06 delivery_msg_per_sec=1.78107e+07 delivery_mib_per_sec=1087.08 latency_sample_rate=64 latency_samples=62500 latency_p50_ns=9043967 latency_p99_ns=14811135 latency_p999_ns=14942207 latency_max_ns=14953901
LATENCY library=aeron-cpp scenario=mpmc consumer=0 samples=31250 p50_ns=1615 p99_ns=2686975 p999_ns=4095999 max_ns=4112165
LATENCY library=aeron-cpp scenario=mpmc consumer=1 samples=31250 p50_ns=319487 p99_ns=2752511 p999_ns=4456447 max_ns=4690368
RESULT library=aeron-cpp scenario=mpmc pinning=off cpu_base=-1 cpu_stride=1 term_length=4194304 producers=2 consumers=2 payload=64 published=2000000 delivered=4000000 seconds=0.0855611 publish_msg_per_sec=2.33751e+07 delivery_msg_per_sec=4.67502e+07 delivery_mib_per_sec=2853.41 latency_sample_rate=64 latency_samples=62500 latency_p50_ns=39423 latency_p99_ns=2686975 latency_p999_ns=4390911 latency_max_ns=4690368
# measured round=4 layout=unpinned scenario=ordered batch=1
LATENCY library=salias-ipc scenario=ordered consumer=0 samples=31250 p50_ns=11534335 p99_ns=12451839 p999_ns=12582911 max_ns=12487387
LATENCY library=salias-ipc scenario=ordered consumer=1 samples=31250 p50_ns=2555903 p99_ns=10485759 p999_ns=10616831 max_ns=10538685
RESULT library=salias-ipc scenario=ordered page=normal pinning=off cpu_base=-1 cpu_stride=1 producers=2 consumers=2 payload=64 capacity=4194304 batch_size=1 poll_limit=64 published=2000000 delivered=4000000 seconds=0.193908 publish_msg_per_sec=1.03142e+07 delivery_msg_per_sec=2.06283e+07 delivery_mib_per_sec=1259.05 latency_sample_rate=64 latency_samples=62500 latency_p50_ns=8519679 latency_p99_ns=12320767 latency_p999_ns=12582911 latency_max_ns=12487387
LATENCY library=aeron-cpp scenario=mpmc consumer=0 samples=31250 p50_ns=401407 p99_ns=2523135 p999_ns=2719743 max_ns=2944157
LATENCY library=aeron-cpp scenario=mpmc consumer=1 samples=31250 p50_ns=25599 p99_ns=434175 p999_ns=688127 max_ns=693584
RESULT library=aeron-cpp scenario=mpmc pinning=off cpu_base=-1 cpu_stride=1 term_length=4194304 producers=2 consumers=2 payload=64 published=2000000 delivered=4000000 seconds=0.092407 publish_msg_per_sec=2.16434e+07 delivery_msg_per_sec=4.32868e+07 delivery_mib_per_sec=2642.01 latency_sample_rate=64 latency_samples=62500 latency_p50_ns=123903 latency_p99_ns=2392063 latency_p999_ns=2686975 latency_max_ns=2944157
# measured round=5 layout=unpinned scenario=ordered batch=1
LATENCY library=salias-ipc scenario=ordered consumer=0 samples=31250 p50_ns=491519 p99_ns=7012351 p999_ns=7405567 max_ns=7394417
LATENCY library=salias-ipc scenario=ordered consumer=1 samples=31250 p50_ns=7864319 p99_ns=21495807 p999_ns=22020095 max_ns=22074020
RESULT library=salias-ipc scenario=ordered page=normal pinning=off cpu_base=-1 cpu_stride=1 producers=2 consumers=2 payload=64 capacity=4194304 batch_size=1 poll_limit=64 published=2000000 delivered=4000000 seconds=0.221884 publish_msg_per_sec=9.01371e+06 delivery_msg_per_sec=1.80274e+07 delivery_mib_per_sec=1100.31 latency_sample_rate=64 latency_samples=62500 latency_p50_ns=2015231 latency_p99_ns=20709375 latency_p999_ns=22020095 latency_max_ns=22074020
LATENCY library=aeron-cpp scenario=mpmc consumer=0 samples=31250 p50_ns=243 p99_ns=1040383 p999_ns=1245183 max_ns=1263844
LATENCY library=aeron-cpp scenario=mpmc consumer=1 samples=31250 p50_ns=10623 p99_ns=13500415 p999_ns=13500415 max_ns=13737196
RESULT library=aeron-cpp scenario=mpmc pinning=off cpu_base=-1 cpu_stride=1 term_length=4194304 producers=2 consumers=2 payload=64 published=2000000 delivered=4000000 seconds=0.236452 publish_msg_per_sec=8.45839e+06 delivery_msg_per_sec=1.69168e+07 delivery_mib_per_sec=1032.52 latency_sample_rate=64 latency_samples=62500 latency_p50_ns=291 latency_p99_ns=13500415 latency_p999_ns=13500415 latency_max_ns=13737196
# measured round=6 layout=unpinned scenario=ordered batch=1
LATENCY library=salias-ipc scenario=ordered consumer=0 samples=31250 p50_ns=143359 p99_ns=9568255 p999_ns=9699327 max_ns=9657342
LATENCY library=salias-ipc scenario=ordered consumer=1 samples=31250 p50_ns=15335423 p99_ns=16121855 p999_ns=16252927 max_ns=16296257
RESULT library=salias-ipc scenario=ordered page=normal pinning=off cpu_base=-1 cpu_stride=1 producers=2 consumers=2 payload=64 capacity=4194304 batch_size=1 poll_limit=64 published=2000000 delivered=4000000 seconds=0.253416 publish_msg_per_sec=7.89217e+06 delivery_msg_per_sec=1.57843e+07 delivery_mib_per_sec=963.4 latency_sample_rate=64 latency_samples=62500 latency_p50_ns=8060927 latency_p99_ns=16121855 latency_p999_ns=16252927 latency_max_ns=16296257
LATENCY library=aeron-cpp scenario=mpmc consumer=0 samples=31250 p50_ns=1471 p99_ns=331775 p999_ns=462847 max_ns=483925
LATENCY library=aeron-cpp scenario=mpmc consumer=1 samples=31250 p50_ns=811007 p99_ns=2883583 p999_ns=3047423 max_ns=3271010
RESULT library=aeron-cpp scenario=mpmc pinning=off cpu_base=-1 cpu_stride=1 term_length=4194304 producers=2 consumers=2 payload=64 published=2000000 delivered=4000000 seconds=0.100382 publish_msg_per_sec=1.99238e+07 delivery_msg_per_sec=3.98477e+07 delivery_mib_per_sec=2432.11 latency_sample_rate=64 latency_samples=62500 latency_p50_ns=58879 latency_p99_ns=2752511 latency_p999_ns=3014655 latency_max_ns=3271010
# measured round=7 layout=unpinned scenario=ordered batch=1
LATENCY library=salias-ipc scenario=ordered consumer=0 samples=31250 p50_ns=17151 p99_ns=4784127 p999_ns=6094847 max_ns=6681771
LATENCY library=salias-ipc scenario=ordered consumer=1 samples=31250 p50_ns=25165823 p99_ns=32243711 p999_ns=32767999 max_ns=32713536
RESULT library=salias-ipc scenario=ordered page=normal pinning=off cpu_base=-1 cpu_stride=1 producers=2 consumers=2 payload=64 capacity=4194304 batch_size=1 poll_limit=64 published=2000000 delivered=4000000 seconds=0.436445 publish_msg_per_sec=4.58248e+06 delivery_msg_per_sec=9.16496e+06 delivery_mib_per_sec=559.385 latency_sample_rate=64 latency_samples=62500 latency_p50_ns=4784127 latency_p99_ns=31981567 latency_p999_ns=32505855 latency_max_ns=32713536
LATENCY library=aeron-cpp scenario=mpmc consumer=0 samples=31250 p50_ns=446463 p99_ns=2129919 p999_ns=2621439 max_ns=2615203
LATENCY library=aeron-cpp scenario=mpmc consumer=1 samples=31250 p50_ns=791 p99_ns=114687 p999_ns=266239 max_ns=309778
RESULT library=aeron-cpp scenario=mpmc pinning=off cpu_base=-1 cpu_stride=1 term_length=4194304 producers=2 consumers=2 payload=64 published=2000000 delivered=4000000 seconds=0.0906324 publish_msg_per_sec=2.20672e+07 delivery_msg_per_sec=4.41343e+07 delivery_mib_per_sec=2693.74 latency_sample_rate=64 latency_samples=62500 latency_p50_ns=43519 latency_p99_ns=1998847 latency_p999_ns=2490367 latency_max_ns=2615203
# measured round=8 layout=unpinned scenario=ordered batch=1
LATENCY library=salias-ipc scenario=ordered consumer=0 samples=31250 p50_ns=7405567 p99_ns=8912895 p999_ns=9043967 max_ns=8983868
LATENCY library=salias-ipc scenario=ordered consumer=1 samples=31250 p50_ns=10747903 p99_ns=11796479 p999_ns=11927551 max_ns=11900048
RESULT library=salias-ipc scenario=ordered page=normal pinning=off cpu_base=-1 cpu_stride=1 producers=2 consumers=2 payload=64 capacity=4194304 batch_size=1 poll_limit=64 published=2000000 delivered=4000000 seconds=0.188938 publish_msg_per_sec=1.05855e+07 delivery_msg_per_sec=2.11709e+07 delivery_mib_per_sec=1292.17 latency_sample_rate=64 latency_samples=62500 latency_p50_ns=8060927 latency_p99_ns=11796479 latency_p999_ns=11927551 latency_max_ns=11900048
LATENCY library=aeron-cpp scenario=mpmc consumer=0 samples=31250 p50_ns=52223 p99_ns=720895 p999_ns=1261567 max_ns=1319901
LATENCY library=aeron-cpp scenario=mpmc consumer=1 samples=31250 p50_ns=503807 p99_ns=2047999 p999_ns=2228223 max_ns=2357040
RESULT library=aeron-cpp scenario=mpmc pinning=off cpu_base=-1 cpu_stride=1 term_length=4194304 producers=2 consumers=2 payload=64 published=2000000 delivered=4000000 seconds=0.110935 publish_msg_per_sec=1.80285e+07 delivery_msg_per_sec=3.6057e+07 delivery_mib_per_sec=2200.75 latency_sample_rate=64 latency_samples=62500 latency_p50_ns=110591 latency_p99_ns=1966079 latency_p999_ns=2195455 latency_max_ns=2357040
# measured round=9 layout=unpinned scenario=ordered batch=1
LATENCY library=salias-ipc scenario=ordered consumer=0 samples=31250 p50_ns=3833855 p99_ns=6029311 p999_ns=6160383 max_ns=6174371
LATENCY library=salias-ipc scenario=ordered consumer=1 samples=31250 p50_ns=8388607 p99_ns=10616831 p999_ns=10747903 max_ns=10651548
RESULT library=salias-ipc scenario=ordered page=normal pinning=off cpu_base=-1 cpu_stride=1 producers=2 consumers=2 payload=64 capacity=4194304 batch_size=1 poll_limit=64 published=2000000 delivered=4000000 seconds=0.18262 publish_msg_per_sec=1.09517e+07 delivery_msg_per_sec=2.19034e+07 delivery_mib_per_sec=1336.88 latency_sample_rate=64 latency_samples=62500 latency_p50_ns=4521983 latency_p99_ns=10485759 latency_p999_ns=10616831 latency_max_ns=10651548
LATENCY library=aeron-cpp scenario=mpmc consumer=0 samples=31250 p50_ns=56831 p99_ns=1146879 p999_ns=1671167 max_ns=1978959
LATENCY library=aeron-cpp scenario=mpmc consumer=1 samples=31250 p50_ns=688127 p99_ns=2523135 p999_ns=3276799 max_ns=3296880
RESULT library=aeron-cpp scenario=mpmc pinning=off cpu_base=-1 cpu_stride=1 term_length=4194304 producers=2 consumers=2 payload=64 published=2000000 delivered=4000000 seconds=0.105226 publish_msg_per_sec=1.90068e+07 delivery_msg_per_sec=3.80136e+07 delivery_mib_per_sec=2320.16 latency_sample_rate=64 latency_samples=62500 latency_p50_ns=153599 latency_p99_ns=2424831 latency_p999_ns=3276799 latency_max_ns=3296880
# measured round=10 layout=unpinned scenario=ordered batch=1
LATENCY library=salias-ipc scenario=ordered consumer=0 samples=31250 p50_ns=5046271 p99_ns=8650751 p999_ns=8650751 max_ns=8647007
LATENCY library=salias-ipc scenario=ordered consumer=1 samples=31250 p50_ns=10616831 p99_ns=11534335 p999_ns=11534335 max_ns=11549937
RESULT library=salias-ipc scenario=ordered page=normal pinning=off cpu_base=-1 cpu_stride=1 producers=2 consumers=2 payload=64 capacity=4194304 batch_size=1 poll_limit=64 published=2000000 delivered=4000000 seconds=0.193358 publish_msg_per_sec=1.03435e+07 delivery_msg_per_sec=2.0687e+07 delivery_mib_per_sec=1262.63 latency_sample_rate=64 latency_samples=62500 latency_p50_ns=8126463 latency_p99_ns=11534335 latency_p999_ns=11534335 latency_max_ns=11549937
LATENCY library=aeron-cpp scenario=mpmc consumer=0 samples=31250 p50_ns=49663 p99_ns=1949695 p999_ns=2424831 max_ns=2537272
LATENCY library=aeron-cpp scenario=mpmc consumer=1 samples=31250 p50_ns=409599 p99_ns=2588671 p999_ns=2719743 max_ns=2786248
RESULT library=aeron-cpp scenario=mpmc pinning=off cpu_base=-1 cpu_stride=1 term_length=4194304 producers=2 consumers=2 payload=64 published=2000000 delivered=4000000 seconds=0.117924 publish_msg_per_sec=1.69601e+07 delivery_msg_per_sec=3.39202e+07 delivery_mib_per_sec=2070.32 latency_sample_rate=64 latency_samples=62500 latency_p50_ns=101375 latency_p99_ns=2523135 latency_p999_ns=2719743 latency_max_ns=2786248
# case layout=unpinned scenario=ordered batch=16
# warmup round=1 layout=unpinned scenario=ordered batch=16
# warmup round=2 layout=unpinned scenario=ordered batch=16
# measured round=1 layout=unpinned scenario=ordered batch=16
LATENCY library=salias-ipc scenario=ordered consumer=0 samples=31250 p50_ns=15728639 p99_ns=18087935 p999_ns=18350079 max_ns=18299816
LATENCY library=salias-ipc scenario=ordered consumer=1 samples=31250 p50_ns=11135 p99_ns=5046271 p999_ns=5177343 max_ns=5179643
RESULT library=salias-ipc scenario=ordered page=normal pinning=off cpu_base=-1 cpu_stride=1 producers=2 consumers=2 payload=64 capacity=4194304 batch_size=16 poll_limit=64 published=2000000 delivered=4000000 seconds=0.269555 publish_msg_per_sec=7.41965e+06 delivery_msg_per_sec=1.48393e+07 delivery_mib_per_sec=905.719 latency_sample_rate=64 latency_samples=62500 latency_p50_ns=4390911 latency_p99_ns=18087935 latency_p999_ns=18350079 latency_max_ns=18299816
LATENCY library=aeron-cpp scenario=mpmc consumer=0 samples=31250 p50_ns=95231 p99_ns=655359 p999_ns=860159 max_ns=858595
LATENCY library=aeron-cpp scenario=mpmc consumer=1 samples=31250 p50_ns=1023 p99_ns=430079 p999_ns=925695 max_ns=974913
RESULT library=aeron-cpp scenario=mpmc pinning=off cpu_base=-1 cpu_stride=1 term_length=4194304 producers=2 consumers=2 payload=64 published=2000000 delivered=4000000 seconds=0.0975777 publish_msg_per_sec=2.04965e+07 delivery_msg_per_sec=4.0993e+07 delivery_mib_per_sec=2502.01 latency_sample_rate=64 latency_samples=62500 latency_p50_ns=10495 latency_p99_ns=630783 latency_p999_ns=876543 latency_max_ns=974913
# measured round=2 layout=unpinned scenario=ordered batch=16
LATENCY library=salias-ipc scenario=ordered consumer=0 samples=31250 p50_ns=43519 p99_ns=7274495 p999_ns=7602175 max_ns=7688242
LATENCY library=salias-ipc scenario=ordered consumer=1 samples=31250 p50_ns=17563647 p99_ns=30408703 p999_ns=31195135 max_ns=31098639
RESULT library=salias-ipc scenario=ordered page=normal pinning=off cpu_base=-1 cpu_stride=1 producers=2 consumers=2 payload=64 capacity=4194304 batch_size=16 poll_limit=64 published=2000000 delivered=4000000 seconds=0.312365 publish_msg_per_sec=6.40278e+06 delivery_msg_per_sec=1.28056e+07 delivery_mib_per_sec=781.589 latency_sample_rate=64 latency_samples=62500 latency_p50_ns=6488063 latency_p99_ns=29884415 latency_p999_ns=30932991 latency_max_ns=31098639
LATENCY library=aeron-cpp scenario=mpmc consumer=0 samples=31250 p50_ns=450559 p99_ns=2850815 p999_ns=3080191 max_ns=3094945
LATENCY library=aeron-cpp scenario=mpmc consumer=1 samples=31250 p50_ns=548863 p99_ns=4587519 p999_ns=5177343 max_ns=5158178
RESULT library=aeron-cpp scenario=mpmc pinning=off cpu_base=-1 cpu_stride=1 term_length=4194304 producers=2 consumers=2 payload=64 published=2000000 delivered=4000000 seconds=0.106488 publish_msg_per_sec=1.87815e+07 delivery_msg_per_sec=3.75629e+07 delivery_mib_per_sec=2292.66 latency_sample_rate=64 latency_samples=62500 latency_p50_ns=491519 latency_p99_ns=3276799 latency_p999_ns=5111807 latency_max_ns=5158178
# measured round=3 layout=unpinned scenario=ordered batch=16
LATENCY library=salias-ipc scenario=ordered consumer=0 samples=31250 p50_ns=11534335 p99_ns=12189695 p999_ns=12320767 max_ns=12344724
LATENCY library=salias-ipc scenario=ordered consumer=1 samples=31250 p50_ns=56319 p99_ns=6815743 p999_ns=7143423 max_ns=7155006
RESULT library=salias-ipc scenario=ordered page=normal pinning=off cpu_base=-1 cpu_stride=1 producers=2 consumers=2 payload=64 capacity=4194304 batch_size=16 poll_limit=64 published=2000000 delivered=4000000 seconds=0.189904 publish_msg_per_sec=1.05317e+07 delivery_msg_per_sec=2.10633e+07 delivery_mib_per_sec=1285.6 latency_sample_rate=64 latency_samples=62500 latency_p50_ns=5767167 latency_p99_ns=12189695 latency_p999_ns=12320767 latency_max_ns=12344724
LATENCY library=aeron-cpp scenario=mpmc consumer=0 samples=31250 p50_ns=182271 p99_ns=1671167 p999_ns=1900543 max_ns=2054459
LATENCY library=aeron-cpp scenario=mpmc consumer=1 samples=31250 p50_ns=827391 p99_ns=2850815 p999_ns=2981887 max_ns=3003650
RESULT library=aeron-cpp scenario=mpmc pinning=off cpu_base=-1 cpu_stride=1 term_length=4194304 producers=2 consumers=2 payload=64 published=2000000 delivered=4000000 seconds=0.115555 publish_msg_per_sec=1.73078e+07 delivery_msg_per_sec=3.46156e+07 delivery_mib_per_sec=2112.77 latency_sample_rate=64 latency_samples=62500 latency_p50_ns=491519 latency_p99_ns=2818047 latency_p999_ns=2949119 latency_max_ns=3003650
# measured round=4 layout=unpinned scenario=ordered batch=16
LATENCY library=salias-ipc scenario=ordered consumer=0 samples=31250 p50_ns=9437183 p99_ns=9961471 p999_ns=9961471 max_ns=9934135
LATENCY library=salias-ipc scenario=ordered consumer=1 samples=31250 p50_ns=3571711 p99_ns=8060927 p999_ns=8191999 max_ns=8171700
RESULT library=salias-ipc scenario=ordered page=normal pinning=off cpu_base=-1 cpu_stride=1 producers=2 consumers=2 payload=64 capacity=4194304 batch_size=16 poll_limit=64 published=2000000 delivered=4000000 seconds=0.160139 publish_msg_per_sec=1.24892e+07 delivery_msg_per_sec=2.49784e+07 delivery_mib_per_sec=1524.56 latency_sample_rate=64 latency_samples=62500 latency_p50_ns=7208959 latency_p99_ns=9961471 latency_p999_ns=9961471 latency_max_ns=9934135
LATENCY library=aeron-cpp scenario=mpmc consumer=0 samples=31250 p50_ns=10239 p99_ns=622591 p999_ns=1196031 max_ns=1226687
LATENCY library=aeron-cpp scenario=mpmc consumer=1 samples=31250 p50_ns=26879 p99_ns=442367 p999_ns=511999 max_ns=534472
RESULT library=aeron-cpp scenario=mpmc pinning=off cpu_base=-1 cpu_stride=1 term_length=4194304 producers=2 consumers=2 payload=64 published=2000000 delivered=4000000 seconds=0.0943857 publish_msg_per_sec=2.11897e+07 delivery_msg_per_sec=4.23793e+07 delivery_mib_per_sec=2586.63 latency_sample_rate=64 latency_samples=62500 latency_p50_ns=17407 latency_p99_ns=450559 latency_p999_ns=1179647 latency_max_ns=1226687
# measured round=5 layout=unpinned scenario=ordered batch=16
LATENCY library=salias-ipc scenario=ordered consumer=0 samples=31250 p50_ns=6881279 p99_ns=8781823 p999_ns=8781823 max_ns=8784415
LATENCY library=salias-ipc scenario=ordered consumer=1 samples=31250 p50_ns=7864319 p99_ns=8060927 p999_ns=8126463 max_ns=8111457
RESULT library=salias-ipc scenario=ordered page=normal pinning=off cpu_base=-1 cpu_stride=1 producers=2 consumers=2 payload=64 capacity=4194304 batch_size=16 poll_limit=64 published=2000000 delivered=4000000 seconds=0.13935 publish_msg_per_sec=1.43524e+07 delivery_msg_per_sec=2.87047e+07 delivery_mib_per_sec=1752 latency_sample_rate=64 latency_samples=62500 latency_p50_ns=7667711 latency_p99_ns=8781823 latency_p999_ns=8781823 latency_max_ns=8784415
LATENCY library=aeron-cpp scenario=mpmc consumer=0 samples=31250 p50_ns=6591 p99_ns=290815 p999_ns=458751 max_ns=475002
LATENCY library=aeron-cpp scenario=mpmc consumer=1 samples=31250 p50_ns=671743 p99_ns=2162687 p999_ns=2424831 max_ns=2419438
RESULT library=aeron-cpp scenario=mpmc pinning=off cpu_base=-1 cpu_stride=1 term_length=4194304 producers=2 consumers=2 payload=64 published=2000000 delivered=4000000 seconds=0.112506 publish_msg_per_sec=1.77768e+07 delivery_msg_per_sec=3.55536e+07 delivery_mib_per_sec=2170.02 latency_sample_rate=64 latency_samples=62500 latency_p50_ns=31999 latency_p99_ns=1884159 latency_p999_ns=2359295 latency_max_ns=2419438
# measured round=6 layout=unpinned scenario=ordered batch=16
LATENCY library=salias-ipc scenario=ordered consumer=0 samples=31250 p50_ns=12058623 p99_ns=12845055 p999_ns=12976127 max_ns=12907800
LATENCY library=salias-ipc scenario=ordered consumer=1 samples=31250 p50_ns=42495 p99_ns=6946815 p999_ns=7274495 max_ns=7222304
RESULT library=salias-ipc scenario=ordered page=normal pinning=off cpu_base=-1 cpu_stride=1 producers=2 consumers=2 payload=64 capacity=4194304 batch_size=16 poll_limit=64 published=2000000 delivered=4000000 seconds=0.204984 publish_msg_per_sec=9.75687e+06 delivery_msg_per_sec=1.95137e+07 delivery_mib_per_sec=1191.02 latency_sample_rate=64 latency_samples=62500 latency_p50_ns=5832703 latency_p99_ns=12845055 latency_p999_ns=12976127 latency_max_ns=12907800
LATENCY library=aeron-cpp scenario=mpmc consumer=0 samples=31250 p50_ns=27903 p99_ns=3375103 p999_ns=3899391 max_ns=4154189
LATENCY library=aeron-cpp scenario=mpmc consumer=1 samples=31250 p50_ns=4287 p99_ns=2686975 p999_ns=3014655 max_ns=3092996
RESULT library=aeron-cpp scenario=mpmc pinning=off cpu_base=-1 cpu_stride=1 term_length=4194304 producers=2 consumers=2 payload=64 published=2000000 delivered=4000000 seconds=0.108505 publish_msg_per_sec=1.84324e+07 delivery_msg_per_sec=3.68647e+07 delivery_mib_per_sec=2250.04 latency_sample_rate=64 latency_samples=62500 latency_p50_ns=16895 latency_p99_ns=3080191 latency_p999_ns=3571711 latency_max_ns=4154189
# measured round=7 layout=unpinned scenario=ordered batch=16
LATENCY library=salias-ipc scenario=ordered consumer=0 samples=31250 p50_ns=9437183 p99_ns=9830399 p999_ns=9961471 max_ns=9865220
LATENCY library=salias-ipc scenario=ordered consumer=1 samples=31250 p50_ns=51199 p99_ns=6946815 p999_ns=7143423 max_ns=7141025
RESULT library=salias-ipc scenario=ordered page=normal pinning=off cpu_base=-1 cpu_stride=1 producers=2 consumers=2 payload=64 capacity=4194304 batch_size=16 poll_limit=64 published=2000000 delivered=4000000 seconds=0.158414 publish_msg_per_sec=1.26251e+07 delivery_msg_per_sec=2.52502e+07 delivery_mib_per_sec=1541.15 latency_sample_rate=64 latency_samples=62500 latency_p50_ns=5898239 latency_p99_ns=9830399 latency_p999_ns=9961471 latency_max_ns=9865220
LATENCY library=aeron-cpp scenario=mpmc consumer=0 samples=31250 p50_ns=82943 p99_ns=565247 p999_ns=679935 max_ns=689702
LATENCY library=aeron-cpp scenario=mpmc consumer=1 samples=31250 p50_ns=1071 p99_ns=237567 p999_ns=352255 max_ns=360966
RESULT library=aeron-cpp scenario=mpmc pinning=off cpu_base=-1 cpu_stride=1 term_length=4194304 producers=2 consumers=2 payload=64 published=2000000 delivered=4000000 seconds=0.0932692 publish_msg_per_sec=2.14433e+07 delivery_msg_per_sec=4.28866e+07 delivery_mib_per_sec=2617.59 latency_sample_rate=64 latency_samples=62500 latency_p50_ns=7039 latency_p99_ns=520191 latency_p999_ns=638975 latency_max_ns=689702
# measured round=8 layout=unpinned scenario=ordered batch=16
LATENCY library=salias-ipc scenario=ordered consumer=0 samples=31250 p50_ns=10354687 p99_ns=11010047 p999_ns=11010047 max_ns=11032931
LATENCY library=salias-ipc scenario=ordered consumer=1 samples=31250 p50_ns=57343 p99_ns=7471103 p999_ns=7602175 max_ns=7600350
RESULT library=salias-ipc scenario=ordered page=normal pinning=off cpu_base=-1 cpu_stride=1 producers=2 consumers=2 payload=64 capacity=4194304 batch_size=16 poll_limit=64 published=2000000 delivered=4000000 seconds=0.174023 publish_msg_per_sec=1.14927e+07 delivery_msg_per_sec=2.29854e+07 delivery_mib_per_sec=1402.92 latency_sample_rate=64 latency_samples=62500 latency_p50_ns=6356991 latency_p99_ns=10878975 latency_p999_ns=11010047 latency_max_ns=11032931
LATENCY library=aeron-cpp scenario=mpmc consumer=0 samples=31250 p50_ns=1146879 p99_ns=4718591 p999_ns=5505023 max_ns=5525885
LATENCY library=aeron-cpp scenario=mpmc consumer=1 samples=31250 p50_ns=38911 p99_ns=2686975 p999_ns=3309567 max_ns=3328310
RESULT library=aeron-cpp scenario=mpmc pinning=off cpu_base=-1 cpu_stride=1 term_length=4194304 producers=2 consumers=2 payload=64 published=2000000 delivered=4000000 seconds=0.123582 publish_msg_per_sec=1.61836e+07 delivery_msg_per_sec=3.23673e+07 delivery_mib_per_sec=1975.54 latency_sample_rate=64 latency_samples=62500 latency_p50_ns=421887 latency_p99_ns=4456447 latency_p999_ns=5111807 latency_max_ns=5525885
# measured round=9 layout=unpinned scenario=ordered batch=16
LATENCY library=salias-ipc scenario=ordered consumer=0 samples=31250 p50_ns=10878975 p99_ns=17039359 p999_ns=17301503 max_ns=17431544
LATENCY library=salias-ipc scenario=ordered consumer=1 samples=31250 p50_ns=32255 p99_ns=5570559 p999_ns=5767167 max_ns=5807315
RESULT library=salias-ipc scenario=ordered page=normal pinning=off cpu_base=-1 cpu_stride=1 producers=2 consumers=2 payload=64 capacity=4194304 batch_size=16 poll_limit=64 published=2000000 delivered=4000000 seconds=0.192639 publish_msg_per_sec=1.03821e+07 delivery_msg_per_sec=2.07642e+07 delivery_mib_per_sec=1267.35 latency_sample_rate=64 latency_samples=62500 latency_p50_ns=4587519 latency_p99_ns=16646143 latency_p999_ns=17301503 latency_max_ns=17431544
LATENCY library=aeron-cpp scenario=mpmc consumer=0 samples=31250 p50_ns=335871 p99_ns=2195455 p999_ns=3473407 max_ns=3572621
LATENCY library=aeron-cpp scenario=mpmc consumer=1 samples=31250 p50_ns=27135 p99_ns=2129919 p999_ns=2228223 max_ns=2250475
RESULT library=aeron-cpp scenario=mpmc pinning=off cpu_base=-1 cpu_stride=1 term_length=4194304 producers=2 consumers=2 payload=64 published=2000000 delivered=4000000 seconds=0.0859257 publish_msg_per_sec=2.32759e+07 delivery_msg_per_sec=4.65518e+07 delivery_mib_per_sec=2841.3 latency_sample_rate=64 latency_samples=62500 latency_p50_ns=117759 latency_p99_ns=2162687 latency_p999_ns=2555903 latency_max_ns=3572621
# measured round=10 layout=unpinned scenario=ordered batch=16
LATENCY library=salias-ipc scenario=ordered consumer=0 samples=31250 p50_ns=5636095 p99_ns=7864319 p999_ns=7929855 max_ns=7928731
LATENCY library=salias-ipc scenario=ordered consumer=1 samples=31250 p50_ns=9175039 p99_ns=10616831 p999_ns=10747903 max_ns=10654997
RESULT library=salias-ipc scenario=ordered page=normal pinning=off cpu_base=-1 cpu_stride=1 producers=2 consumers=2 payload=64 capacity=4194304 batch_size=16 poll_limit=64 published=2000000 delivered=4000000 seconds=0.16172 publish_msg_per_sec=1.23671e+07 delivery_msg_per_sec=2.47342e+07 delivery_mib_per_sec=1509.65 latency_sample_rate=64 latency_samples=62500 latency_p50_ns=7667711 latency_p99_ns=10616831 latency_p999_ns=10747903 latency_max_ns=10654997
LATENCY library=aeron-cpp scenario=mpmc consumer=0 samples=31250 p50_ns=68607 p99_ns=589823 p999_ns=860159 max_ns=897889
LATENCY library=aeron-cpp scenario=mpmc consumer=1 samples=31250 p50_ns=712703 p99_ns=2326527 p999_ns=2523135 max_ns=2509374
RESULT library=aeron-cpp scenario=mpmc pinning=off cpu_base=-1 cpu_stride=1 term_length=4194304 producers=2 consumers=2 payload=64 published=2000000 delivered=4000000 seconds=0.0899186 publish_msg_per_sec=2.22423e+07 delivery_msg_per_sec=4.44847e+07 delivery_mib_per_sec=2715.13 latency_sample_rate=64 latency_samples=62500 latency_p50_ns=237567 latency_p99_ns=2260991 latency_p999_ns=2490367 latency_max_ns=2509374
